ts_code,trade_date,open,high,low,close,pre_close,change,pct_chg,vol,amount,ma20,ma60
600587.SH,20250715,15.3,15.33,15.1,15.16,15.39,-0.23,-1.4945,103735.05,157397.7,,
600587.SH,20250716,15.18,15.2,15.1,15.17,15.16,0.01,0.066,77249.59,116933.504,,
600587.SH,20250717,15.17,15.24,15.14,15.23,15.17,0.06,0.3955,58935.8,89499.889,,
600587.SH,20250718,15.24,15.95,15.19,15.65,15.23,0.42,2.7577,214182.66,333027.795,,
600587.SH,20250721,15.67,15.97,15.58,15.78,15.65,0.13,0.8307,179612.77,284098.98,,
600587.SH,20250722,15.85,16.28,15.82,16.28,15.78,0.5,3.1686,241023.09,389306.513,,
600587.SH,20250723,16.22,16.42,16.04,16.06,16.28,-0.22,-1.3514,142622.9,231210.047,,
600587.SH,20250724,16.09,16.61,16.09,16.54,16.06,0.48,2.9888,179006.44,293209.535,,
600587.SH,20250725,16.58,16.67,16.35,16.38,16.54,-0.16,-0.9674,124034.39,204544.885,,
600587.SH,20250728,16.4,16.5,16.24,16.28,16.38,-0.1,-0.6105,111550.08,182447.113,,
600587.SH,20250729,16.28,16.29,16.05,16.26,16.28,-0.02,-0.1229,106506.8,172265.285,,
600587.SH,20250730,16.25,17.17,16.19,16.81,16.26,0.55,3.3825,301706.44,505914.474,,
600587.SH,20250731,16.8,16.99,16.55,16.61,16.81,-0.2,-1.1898,177913.51,297511.278,,
600587.SH,20250801,16.61,17.05,16.53,16.61,16.61,0.0,0.0,131600.56,220553.329,,
600587.SH,20250804,16.41,17.08,16.32,16.89,16.61,0.28,1.6857,181508.74,302880.844,,
600587.SH,20250805,17.64,18.51,16.88,16.94,16.89,0.05,0.296,396163.47,695597.147,,
600587.SH,20250806,16.8,17.2,16.62,17.16,16.94,0.22,1.2987,240437.57,408383.5,,
600587.SH,20250807,17.15,17.49,16.99,17.04,17.16,-0.12,-0.6993,173365.03,297184.365,,
600587.SH,20250808,17.0,17.54,16.94,17.37,17.04,0.33,1.9366,193592.61,335115.695,,
600587.SH,20250811,17.55,18.62,17.47,18.14,17.37,0.77,4.4329,378593.43,690846.917,16.418,
600587.SH,20250812,18.21,18.46,17.88,17.9,18.14,-0.24,-1.323,220104.66,398918.143,16.555,
600587.SH,20250813,17.82,18.09,17.56,17.96,17.9,0.06,0.3352,221255.3,394469.847,16.6945,
600587.SH,20250814,17.94,17.95,17.23,17.23,17.96,-0.73,-4.0646,177285.85,310697.761,16.7945,
600587.SH,20250815,17.25,17.64,17.25,17.57,17.23,0.34,1.9733,132915.87,232385.163,16.8905,
600587.SH,20250818,17.5,17.75,17.23,17.3,17.57,-0.27,-1.5367,207209.15,361352.443,16.9665,
600587.SH,20250819,17.45,17.65,17.18,17.21,17.3,-0.09,-0.5202,183307.3,318905.756,17.013,
600587.SH,20250820,17.12,17.33,17.06,17.33,17.21,0.12,0.6973,142740.27,245002.356,17.076500000000003,
600587.SH,20250821,17.33,17.39,17.19,17.25,17.33,-0.08,-0.4616,120929.61,208800.105,17.112000000000002,
600587.SH,20250822,17.21,17.28,17.04,17.15,17.25,-0.1,-0.5797,130938.1,224334.212,17.1505,
600587.SH,20250825,17.15,17.25,17.03,17.13,17.15,-0.02,-0.1166,177368.07,303763.179,17.193,
600587.SH,20250826,17.26,17.27,17.08,17.1,17.13,-0.03,-0.1751,106629.51,182987.081,17.235,
600587.SH,20250827,17.1,17.13,16.5,16.5,17.1,-0.6,-3.5088,207376.56,349146.284,17.2195,
600587.SH,20250828,16.52,16.65,15.98,16.37,16.5,-0.13,-0.7879,171257.29,278798.766,17.207500000000003,
600587.SH,20250829,16.37,16.73,16.27,16.28,16.37,-0.09,-0.5498,229163.15,377176.159,17.191,
600587.SH,20250901,16.4,16.41,16.16,16.33,16.28,0.05,0.3071,234587.49,381500.981,17.163000000000004,
600587.SH,20250902,16.4,16.65,16.2,16.41,16.33,0.08,0.4899,176534.33,289022.221,17.1365,
600587.SH,20250903,16.43,16.47,16.17,16.22,16.41,-0.19,-1.1578,109754.11,178662.377,17.0895,
600587.SH,20250904,16.23,16.29,16.04,16.17,16.22,-0.05,-0.3083,117695.53,190492.871,17.046,
600587.SH,20250905,16.18,16.39,16.12,16.38,16.17,0.21,1.2987,105929.37,172431.878,16.996499999999997,
600587.SH,20250908,16.4,16.9,16.32,16.81,16.38,0.43,2.6252,217210.07,362896.901,16.93,
600587.SH,20250909,16.8,16.8,16.37,16.38,16.81,-0.43,-2.558,144237.88,238378.479,16.854,
600587.SH,20250910,16.34,16.44,16.28,16.31,16.38,-0.07,-0.4274,77443.53,126555.062,16.771499999999996,
600587.SH,20250911,16.28,16.52,16.15,16.52,16.31,0.21,1.2876,99030.57,161907.035,16.736,
600587.SH,20250912,16.58,16.58,16.17,16.18,16.52,-0.34,-2.0581,213223.16,347874.38,16.666500000000003,
600587.SH,20250915,16.19,16.25,16.1,16.13,16.18,-0.05,-0.309,101294.6,163824.508,16.608,
600587.SH,20250916,16.19,16.57,16.02,16.33,16.13,0.2,1.2399,208272.1,338730.426,16.564,
600587.SH,20250917,16.38,17.44,16.34,17.16,16.33,0.83,5.0827,451496.77,766569.43,16.5555,
600587.SH,20250918,17.1,17.21,16.55,16.6,17.16,-0.56,-3.2634,243796.44,411042.303,16.523,
600587.SH,20250919,16.62,17.05,16.55,16.66,16.6,0.06,0.3614,167716.13,281483.062,16.4985,
600587.SH,20250922,16.78,16.81,16.25,16.3,16.66,-0.36,-2.1609,161059.9,263967.502,16.457,
600587.SH,20250923,16.26,16.27,15.81,16.07,16.3,-0.23,-1.411,162674.4,260509.523,16.4055,
600587.SH,20250924,16.01,16.23,15.97,16.22,16.07,0.15,0.9334,82562.49,133000.154,16.3915,
600587.SH,20250925,16.14,16.2,16.01,16.06,16.22,-0.16,-0.9864,83587.5,134518.598,16.375999999999998,
600587.SH,20250926,15.99,16.08,15.87,15.87,16.06,-0.19,-1.1831,77818.88,124078.788,16.3555,
600587.SH,20250929,15.87,16.04,15.67,15.98,15.87,0.11,0.6931,78814.7,124890.963,16.338,
600587.SH,20250930,16.05,16.08,15.94,16.03,15.98,0.05,0.3129,67849.46,108640.815,16.319,
600587.SH,20251009,16.04,16.39,15.86,16.35,16.03,0.32,1.9963,120854.15,194973.342,16.325499999999998,
600587.SH,20251010,16.27,16.39,16.2,16.37,16.35,0.02,0.1223,80200.73,130840.415,16.335500000000003,
600587.SH,20251013,16.21,16.98,16.03,16.98,16.37,0.61,3.7263,203189.8,335789.945,16.3655,
600587.SH,20251014,16.93,17.16,16.55,16.65,16.98,-0.33,-1.9435,164948.08,277363.615,16.3575,16.5685
600587.SH,20251015,16.75,16.88,16.65,16.84,16.65,0.19,1.1411,104755.05,175905.123,16.3805,16.596500000000002
600587.SH,20251016,16.79,16.94,16.75,16.82,16.84,-0.02,-0.1188,87623.66,147499.388,16.406,16.624
600587.SH,20251017,16.77,16.83,16.2,16.2,16.82,-0.62,-3.6861,130549.16,215534.018,16.389999999999997,16.64016666666667
600587.SH,20251020,16.38,16.65,16.35,16.44,16.2,0.24,1.4815,79706.2,131084.12,16.403,16.653333333333332
600587.SH,20251021,16.46,16.78,16.41,16.46,16.44,0.02,0.1217,133230.42,220309.667,16.4195,16.664666666666665
600587.SH,20251022,16.46,16.55,16.39,16.4,16.46,-0.06,-0.3645,87526.8,144014.078,16.423,16.666666666666668
600587.SH,20251023,16.4,16.5,16.24,16.43,16.4,0.03,0.1829,86781.05,141832.679,16.3865,16.672833333333333
600587.SH,20251024,16.32,16.33,16.13,16.17,16.18,-0.01,-0.0618,78991.08,128076.944,16.365000000000002,16.666666666666668
600587.SH,20251027,16.22,16.25,16.14,16.15,16.17,-0.02,-0.1237,90976.72,147156.387,16.339499999999997,16.66283333333333
600587.SH,20251028,16.16,16.42,16.05,16.21,16.15,0.06,0.3715,108326.06,176157.675,16.335,16.66166666666667
600587.SH,20251029,16.23,16.38,16.1,16.2,16.21,-0.01,-0.0617,105445.1,170763.94,16.3415,16.660666666666668
600587.SH,20251030,16.2,16.26,16.01,16.01,16.2,-0.19,-1.1728,107573.53,173399.712,16.331,16.647333333333332
600587.SH,20251031,15.76,15.79,15.51,15.55,16.01,-0.46,-2.8732,273234.32,426526.749,16.305500000000002,16.629666666666665
600587.SH,20251103,15.58,15.66,15.39,15.43,15.55,-0.12,-0.7717,138885.5,214567.519,16.2835,16.61
600587.SH,20251104,15.46,15.5,15.26,15.29,15.43,-0.14,-0.9073,116717.61,179274.067,16.249,16.583333333333332
600587.SH,20251105,15.25,15.36,15.2,15.33,15.29,0.04,0.2616,74572.0,114065.387,16.214000000000002,16.5565
600587.SH,20251106,15.34,15.38,15.31,15.35,15.33,0.02,0.1305,79112.72,121428.357,16.163999999999998,16.526333333333334
600587.SH,20251107,15.35,15.46,15.28,15.4,15.35,0.05,0.3257,92520.5,142403.505,16.1155,16.499
600587.SH,20251110,15.4,15.6,15.36,15.57,15.4,0.17,1.1039,96988.02,150190.952,16.045,16.469
600587.SH,20251111,15.53,15.57,15.47,15.57,15.57,0.0,0.0,59954.63,93039.398,15.991,16.426166666666667
600587.SH,20251112,15.58,15.69,15.56,15.63,15.57,0.06,0.3854,78252.19,122270.386,15.9305,16.388333333333332
600587.SH,20251113,15.59,15.6,15.46,15.55,15.63,-0.08,-0.5118,76881.48,119173.876,15.867,16.348166666666668
600587.SH,20251114,15.52,15.62,15.48,15.48,15.55,-0.07,-0.4502,69922.03,108878.416,15.831,16.319
600587.SH,20251117,15.51,15.53,15.32,15.33,15.48,-0.15,-0.969,73888.72,113625.281,15.7755,16.281666666666666
600587.SH,20251118,15.34,15.4,15.22,15.39,15.33,0.06,0.3914,59660.13,91284.401,15.722,16.249833333333335
600587.SH,20251119,15.32,15.38,15.24,15.3,15.39,-0.09,-0.5848,48057.26,73492.079,15.667000000000002,16.218
600587.SH,20251120,15.32,15.36,15.2,15.21,15.3,-0.09,-0.5882,44215.9,67401.828,15.606,16.182666666666666
600587.SH,20251121,15.11,15.21,14.8,14.81,15.21,-0.4,-2.6298,114890.76,171816.926,15.538,16.142
600587.SH,20251124,14.83,14.93,14.78,14.87,14.81,0.06,0.4051,44668.65,66303.595,15.474,16.104
600587.SH,20251125,14.99,15.08,14.92,14.99,14.87,0.12,0.807,62162.57,93237.99,15.413,16.068333333333335
600587.SH,20251126,15.03,15.08,14.99,15.0,14.99,0.01,0.0667,40779.6,61301.648,15.353,16.033333333333335
600587.SH,20251127,14.98,15.03,14.9,15.0,15.0,0.0,0.0,35436.0,53072.545,15.3025,16.008333333333333
600587.SH,20251128,15.03,15.03,14.95,15.02,15.0,0.02,0.1333,26379.79,39540.523,15.276,15.985833333333334
600587.SH,20251201,15.04,15.26,15.01,15.26,15.02,0.24,1.5979,60192.14,91379.295,15.267499999999998,15.968833333333333
600587.SH,20251202,15.26,15.27,15.06,15.09,15.26,-0.17,-1.114,41239.3,62379.978,15.257500000000002,15.948166666666667
600587.SH,20251203,15.13,15.13,14.96,14.99,15.09,-0.1,-0.6627,47265.9,70929.512,15.2405,15.9245
600587.SH,20251204,14.99,15.09,14.92,15.04,14.99,0.05,0.3336,35029.5,52605.542,15.225,15.904833333333332
600587.SH,20251205,15.15,15.17,15.0,15.15,15.04,0.11,0.7314,48894.4,73692.853,15.2125,15.887833333333333
600587.SH,20251208,15.11,15.17,15.02,15.05,15.15,-0.1,-0.6601,64846.55,97737.508,15.1865,15.865666666666668
600587.SH,20251209,15.05,15.06,14.86,14.87,15.05,-0.18,-1.196,71327.43,106501.894,15.151499999999999,15.833333333333334
600587.SH,20251210,14.88,14.89,14.72,14.86,14.87,-0.01,-0.0672,60015.6,88838.327,15.113,15.808
600587.SH,20251211,14.86,14.87,14.46,14.52,14.86,-0.34,-2.288,110067.92,160853.27,15.0615,15.778166666666667
600587.SH,20251212,14.53,14.69,14.36,14.69,14.52,0.17,1.1708,130848.88,189556.741,15.022,15.747666666666667
600587.SH,20251215,14.59,14.62,14.48,14.49,14.69,-0.2,-1.3615,62260.99,90551.466,14.979999999999999,15.7195
600587.SH,20251216,14.47,14.49,14.28,14.4,14.49,-0.09,-0.6211,74128.12,106483.787,14.9305,15.690666666666665
600587.SH,20251217,14.4,14.54,14.33,14.52,14.4,0.12,0.8333,42685.25,61653.613,14.891499999999999,15.660500000000003
600587.SH,20251218,14.51,14.62,14.44,14.58,14.52,0.06,0.4132,38883.08,56645.441,14.86,15.6175
600587.SH,20251219,14.58,14.71,14.55,14.66,14.58,0.08,0.5487,49519.05,72602.404,14.852500000000001,15.585166666666664
600587.SH,20251222,14.7,14.72,14.6,14.64,14.66,-0.02,-0.1364,43821.4,64252.828,14.841,15.5515
600587.SH,20251223,14.64,14.7,14.48,14.51,14.64,-0.13,-0.888,51039.85,74384.5,14.816999999999998,15.521666666666668
600587.SH,20251224,14.54,14.66,14.49,14.63,14.51,0.12,0.827,47749.4,69640.127,14.798499999999999,15.497666666666667
600587.SH,20251225,14.65,14.73,14.63,14.7,14.63,0.07,0.4785,43099.51,63295.463,14.7835,15.472333333333331
600587.SH,20251226,14.7,14.74,14.58,14.66,14.7,-0.04,-0.2721,48302.45,70882.761,14.7655,15.449000000000002
600587.SH,20251229,14.65,14.65,14.53,14.54,14.66,-0.12,-0.8186,37610.4,54874.723,14.729500000000002,15.426833333333333
600587.SH,20251230,14.5,14.59,14.49,14.53,14.54,-0.01,-0.0688,28860.49,41963.36,14.7015,15.402666666666667
600587.SH,20251231,14.5,14.56,14.39,14.4,14.53,-0.13,-0.8947,48434.33,70000.665,14.672,15.375499999999999
600587.SH,20260105,14.79,15.84,14.79,15.84,14.4,1.44,10.0,486228.89,754039.601,14.712,15.366999999999999
600587.SH,20260106,16.35,16.55,15.97,16.17,15.84,0.33,2.0833,713884.83,1158920.301,14.763,15.363666666666665
600587.SH,20260107,15.93,16.4,15.88,16.0,16.17,-0.17,-1.0513,437940.7,704349.285,14.8105,15.347333333333331
600587.SH,20260108,15.92,16.52,15.92,16.51,16.0,0.51,3.1875,471686.94,767046.91,14.892500000000002,15.345
600587.SH,20260109,16.3,16.55,16.24,16.35,16.51,-0.16,-0.9691,326069.37,533545.022,14.967000000000002,15.336833333333333
600587.SH,20260112,16.36,16.61,16.26,16.5,16.35,0.15,0.9174,320618.68,527182.788,15.066000000000003,15.3315
600587.SH,20260113,16.57,17.08,16.31,16.55,16.5,0.05,0.303,415530.42,695304.958,15.158999999999997,15.337333333333333
600587.SH,20260114,16.51,17.27,16.48,16.8,16.55,0.25,1.5106,485171.26,820586.125,15.2745,15.343333333333334
600587.SH,20260115,16.9,16.94,16.34,16.74,16.8,-0.06,-0.3571,271216.98,450422.776,15.391499999999999,15.348
600587.SH,20260116,16.74,16.76,16.17,16.19,16.74,-0.55,-3.2855,227259.07,372306.794,15.475,15.344500000000002
600587.SH,20260119,16.14,16.37,16.11,16.27,16.19,0.08,0.4941,156507.9,254086.853,15.559500000000003,15.341833333333334
600587.SH,20260120,16.27,16.27,15.98,16.09,16.27,-0.18,-1.1063,122242.32,196469.024,15.631,15.340499999999999
600587.SH,20260121,16.16,16.67,16.07,16.53,16.09,0.44,2.7346,221734.62,364532.705,15.7255,15.346833333333334
600587.SH,20260122,16.5,16.65,16.43,16.53,16.53,0.0,0.0,136593.66,225584.384,15.826500000000001,15.352166666666667
600587.SH,20260123,16.53,16.78,16.53,16.75,16.53,0.22,1.3309,163217.2,272081.706,15.932500000000001,15.361333333333334
600587.SH,20260126,16.78,16.78,16.43,16.54,16.75,-0.21,-1.2537,162891.05,269464.347,16.0245,15.370166666666666
600587.SH,20260127,16.61,16.62,16.11,16.34,16.54,-0.2,-1.2092,137438.44,224000.727,16.1085,15.383333333333333
600587.SH,20260128,16.28,16.34,16.01,16.06,16.34,-0.28,-1.7136,135935.86,218905.047,16.1845,15.393833333333333
600587.SH,20260129,15.95,16.21,15.85,16.03,16.06,-0.03,-0.1868,126292.28,202716.195,16.2595,15.406166666666667
600587.SH,20260130,16.01,16.1,15.62,15.64,16.03,-0.39,-2.4329,128791.9,203267.606,16.3215,15.411333333333335
600587.SH,20260202,15.59,15.72,15.13,15.16,15.64,-0.48,-3.0691,134553.4,207304.105,16.2875,15.408166666666666
600587.SH,20260203,15.29,15.37,15.15,15.36,15.16,0.2,1.3193,77397.97,118410.261,16.247,15.4075
600587.SH,20260204,15.31,15.58,15.25,15.54,15.36,0.18,1.1719,88136.1,135947.525,16.224,15.407
600587.SH,20260205,15.5,15.57,15.4,15.45,15.54,-0.09,-0.5792,57762.07,89463.793,16.171,15.405000000000001
600587.SH,20260206,15.47,15.62,15.38,15.38,15.45,-0.07,-0.4531,91172.78,141267.622,16.1225,15.400833333333335
600587.SH,20260209,15.48,15.53,15.42,15.5,15.38,0.12,0.7802,84430.68,130620.911,16.072499999999998,15.4
600587.SH,20260210,15.49,15.5,15.37,15.45,15.5,-0.05,-0.3226,55670.8,85992.68,16.0175,15.3995
600587.SH,20260211,15.42,15.6,15.41,15.48,15.45,0.03,0.1942,59373.94,92240.393,15.951500000000001,15.402
600587.SH,20260212,15.46,15.51,15.32,15.34,15.48,-0.14,-0.9044,68485.9,105404.374,15.881499999999999,15.401166666666665
600587.SH,20260213,15.3,15.4,15.18,15.22,15.34,-0.12,-0.7823,58131.03,88875.357,15.833000000000002,15.399833333333333
600587.SH,20260224,15.35,15.41,15.27,15.36,15.22,0.14,0.9198,49173.01,75504.073,15.7875,15.402333333333333
600587.SH,20260225,15.44,15.63,15.38,15.46,15.36,0.1,0.651,92740.7,143849.493,15.756,15.413166666666665
600587.SH,20260226,15.49,15.51,15.36,15.39,15.46,-0.07,-0.4528,70317.88,108428.851,15.699000000000002,15.421833333333334
600587.SH,20260227,15.41,15.48,15.35,15.48,15.39,0.09,0.5848,69407.06,107021.6,15.6465,15.43
600587.SH,20260302,15.31,15.41,15.08,15.23,15.48,-0.25,-1.615,108518.65,165267.351,15.5705,15.433833333333332
600587.SH,20260303,15.35,15.37,14.9,14.94,15.23,-0.29,-1.9041,109282.49,165324.906,15.4905,15.432833333333333
600587.SH,20260304,14.88,14.97,14.66,14.76,14.94,-0.18,-1.2048,84106.4,124478.604,15.4115,15.428500000000001
600587.SH,20260305,14.93,15.01,14.8,14.87,14.76,0.11,0.7453,58689.38,87434.25,15.352,15.422
600587.SH,20260306,14.83,15.3,14.8,15.23,14.87,0.36,2.421,98243.08,149225.965,15.312000000000001,15.424333333333333
600587.SH,20260309,15.05,15.24,15.0,15.17,15.23,-0.06,-0.394,75492.18,114269.322,15.288499999999999,15.427333333333333
600587.SH,20260310,15.23,15.34,15.21,15.29,15.17,0.12,0.791,54291.71,82994.065,15.295000000000002,15.4315
600587.SH,20260311,15.28,15.49,15.23,15.37,15.29,0.08,0.5232,81559.0,125324.704,15.2955,15.435166666666667
600587.SH,20260312,15.31,15.35,15.23,15.3,15.37,-0.07,-0.4554,57064.18,87245.376,15.283499999999998,15.439333333333334
600587.SH,20260313,15.3,15.55,15.23,15.33,15.3,0.03,0.1961,92082.62,141612.324,15.2775,15.447
600587.SH,20260316,15.41,15.55,15.35,15.48,15.33,0.15,0.9785,108202.86,167327.057,15.282499999999999,15.457333333333333
600587.SH,20260317,15.51,15.53,15.15,15.23,15.48,-0.25,-1.615,91494.43,140648.089,15.269,15.469166666666666
600587.SH,20260318,15.21,15.29,15.1,15.24,15.23,0.01,0.0657,64420.31,97914.606,15.258500000000002,15.478333333333333
600587.SH,20260319,15.12,15.22,14.86,14.92,15.24,-0.32,-2.0997,78190.14,117178.036,15.230500000000001,15.4855
600587.SH,20260320,15.0,15.04,14.68,14.68,14.92,-0.24,-1.6086,68093.94,100828.887,15.1975,15.490166666666669
600587.SH,20260323,14.5,14.53,13.86,13.91,14.68,-0.77,-5.2452,138477.65,196584.275,15.132,15.479999999999999
600587.SH,20260324,14.15,14.15,13.89,14.14,13.91,0.23,1.6535,64455.74,90486.922,15.070999999999998,15.472666666666667
600587.SH,20260325,14.16,14.27,14.12,14.18,14.14,0.04,0.2829,63716.73,90431.165,15.007,15.464666666666668
600587.SH,20260326,14.18,14.32,13.98,14.05,14.18,-0.13,-0.9168,54046.59,76432.55,14.940000000000001,15.454833333333333
600587.SH,20260327,13.98,14.33,13.91,14.31,14.05,0.26,1.8505,64566.63,91479.696,14.881499999999999,15.4515
600587.SH,20260330,14.16,14.39,14.06,14.37,14.31,0.06,0.4193,55265.08,78760.306,14.8385,15.447166666666666
600587.SH,20260331,14.41,14.47,14.23,14.27,14.37,-0.1,-0.6959,56050.9,80372.991,14.804999999999998,15.440000000000001
600587.SH,20260401,14.4,14.55,14.29,14.53,14.27,0.26,1.822,68606.82,99154.878,14.7935,15.437833333333334
600587.SH,20260402,14.44,14.59,14.42,14.49,14.53,-0.04,-0.2753,48007.31,69568.635,14.774499999999998,15.437000000000001
600587.SH,20260403,14.48,14.51,14.13,14.17,14.49,-0.32,-2.2084,52468.72,74783.559,14.7215,15.431000000000001
600587.SH,20260407,14.17,14.35,14.1,14.26,14.17,0.09,0.6351,45192.4,64430.276,14.675999999999998,15.428666666666667
600587.SH,20260408,14.45,14.56,14.4,14.56,14.26,0.3,2.1038,65629.34,95261.144,14.639499999999998,15.407333333333334
600587.SH,20260409,14.48,14.6,14.31,14.31,14.56,-0.25,-1.717,47864.3,69075.655,14.586499999999997,15.376333333333333
600587.SH,20260410,14.35,14.54,14.35,14.41,14.31,0.1,0.6988,41544.99,60073.671,14.542000000000002,15.349833333333333
600587.SH,20260413,14.36,14.4,14.26,14.34,14.41,-0.07,-0.4858,36935.7,52924.851,14.492499999999998,15.313666666666666
600587.SH,20260414,14.39,14.44,14.27,14.4,14.34,0.06,0.4184,44776.68,64259.498,14.438500000000001,15.281166666666667
600587.SH,20260415,14.49,14.55,14.42,14.46,14.4,0.06,0.4167,51430.03,74467.522,14.4,15.247166666666667
600587.SH,20260416,14.42,14.48,14.37,14.47,14.46,0.01,0.0692,45745.58,65980.024,14.361500000000001,15.2125
600587.SH,20260417,14.43,14.43,14.19,14.24,14.47,-0.23,-1.5895,68478.19,97615.613,14.327499999999997,15.169833333333335
600587.SH,20260420,14.2,14.26,14.16,14.17,14.24,-0.07,-0.4916,53659.33,76193.813,14.302000000000001,15.127
600587.SH,20260421,14.16,14.23,14.11,14.15,14.17,-0.02,-0.1411,39109.8,55329.013,14.314000000000002,15.092999999999998
600587.SH,20260422,14.12,14.21,14.11,14.2,14.15,0.05,0.3534,35554.04,50347.196,14.317000000000002,15.0585
600587.SH,20260423,14.19,14.29,14.1,14.2,14.2,0.0,0.0,58769.8,83434.409,14.318000000000001,15.027
600587.SH,20260424,14.21,14.22,13.91,13.94,14.2,-0.26,-1.831,79752.0,111772.095,14.3125,14.983833333333333
600587.SH,20260427,13.94,13.97,13.52,13.59,13.94,-0.35,-2.5108,93295.72,127106.286,14.276499999999999,14.934833333333334
600587.SH,20260428,13.55,13.69,13.47,13.59,13.59,0.0,0.0,64555.86,87595.851,14.2375,14.882166666666667
600587.SH,20260429,13.57,13.72,13.53,13.7,13.59,0.11,0.8094,52648.62,71933.648,14.209,14.834833333333334
600587.SH,20260430,13.6,13.88,13.6,13.75,13.7,0.05,0.365,70907.23,97519.499,14.169999999999998,14.791666666666666
600587.SH,20260506,13.75,13.85,13.65,13.69,13.75,-0.06,-0.4364,88080.17,120869.88,14.13,14.75216666666667
600587.SH,20260507,13.71,13.71,13.56,13.57,13.69,-0.12,-0.8766,61870.49,84105.813,14.1,14.711166666666665
600587.SH,20260508,13.6,13.75,13.56,13.73,13.57,0.16,1.1791,60040.86,82239.53,14.073500000000001,14.679333333333334
600587.SH,20260511,13.82,13.92,13.68,13.9,13.73,0.17,1.2382,73557.12,101719.775,14.0405,14.658333333333333
600587.SH,20260512,13.94,13.94,13.68,13.72,13.9,-0.18,-1.295,52378.4,72074.95,14.011000000000001,14.631
600587.SH,20260513,13.72,13.77,13.63,13.76,13.72,0.04,0.2915,47400.2,64919.545,13.9785,14.601333333333335
600587.SH,20260514,13.78,13.79,13.51,13.57,13.76,-0.19,-1.3808,52501.0,71364.012,13.940000000000001,14.57
600587.SH,20260515,13.57,13.66,13.42,13.5,13.57,-0.07,-0.5158,47110.37,63804.84,13.895,14.538666666666668
600587.SH,20260518,13.57,13.57,13.22,13.26,13.5,-0.24,-1.7778,51482.8,68565.282,13.834999999999999,14.501333333333333
600587.SH,20260519,13.27,13.47,13.27,13.46,13.26,0.2,1.5083,36768.57,49219.201,13.7845,14.468166666666665
600587.SH,20260520,13.38,13.39,13.14,13.28,13.46,-0.18,-1.3373,49438.89,65389.038,13.736500000000001,14.431500000000002
600587.SH,20260521,13.29,13.43,13.26,13.33,13.28,0.05,0.3765,57072.9,76123.297,13.6945,14.398
600587.SH,20260522,13.3,13.33,13.15,13.19,13.33,-0.14,-1.0503,50286.15,66547.481,13.646499999999998,14.364166666666668
600587.SH,20260525,13.2,13.38,12.94,13.3,13.19,0.11,0.834,65584.78,86063.519,13.601499999999998,14.329833333333333
600587.SH,20260526,13.2,13.24,13.07,13.13,13.3,-0.17,-1.2782,38661.8,50752.757,13.547999999999998,14.291
600587.SH,20260527,13.08,13.46,13.07,13.38,13.13,0.25,1.904,69005.82,91916.829,13.52,14.257499999999999
600587.SH,20260528,13.38,13.64,13.23,13.26,13.38,-0.12,-0.8969,87722.0,118160.337,13.503500000000003,14.2205
600587.SH,20260529,13.26,13.48,13.21,13.47,13.26,0.21,1.5837,71414.5,95432.906,13.497499999999999,14.191166666666668
600587.SH,20260601,13.49,13.61,13.4,13.6,13.47,0.13,0.9651,51063.35,69090.528,13.492500000000001,14.168833333333334
600587.SH,20260602,13.64,13.64,13.37,13.37,13.6,-0.23,-1.6912,42947.3,57899.066,13.473500000000001,14.145666666666667
600587.SH,20260603,13.36,13.37,13.01,13.06,13.37,-0.31,-2.3186,66800.72,87563.851,13.442000000000002,14.115499999999999
600587.SH,20260604,13.15,13.15,12.73,12.78,13.06,-0.28,-2.144,49700.24,64157.044,13.4025,14.074666666666667
600587.SH,20260605,12.8,13.13,12.73,12.97,12.78,0.19,1.4867,44904.18,58112.193,13.364500000000001,14.038
600587.SH,20260608,12.89,13.14,12.74,12.87,12.97,-0.1,-0.771,51903.01,66691.466,13.312999999999999,13.997666666666667
600587.SH,20260609,12.86,12.95,12.69,12.72,12.87,-0.15,-1.1655,45442.29,58045.328,13.263,13.9535
600587.SH,20260610,12.61,12.7,12.44,12.66,12.72,-0.06,-0.4717,49413.0,62044.275,13.208000000000002,13.9095
600587.SH,20260611,12.69,12.71,12.39,12.58,12.66,-0.08,-0.6319,43437.84,54172.701,13.1585,13.863666666666667
600587.SH,20260612,12.58,12.76,12.51,12.74,12.58,0.16,1.2719,43563.2,55233.895,13.120500000000002,13.818000000000001
600587.SH,20260615,12.78,12.88,12.66,12.71,12.74,-0.03,-0.2355,48442.72,61813.304,13.093,13.776000000000002
600587.SH,20260616,12.71,12.72,12.35,12.44,12.71,-0.27,-2.1243,58756.87,73125.709,13.042000000000002,13.729333333333333
600587.SH,20260617,12.44,12.44,12.16,12.19,12.44,-0.25,-2.0096,62894.66,76916.694,12.9875,13.683833333333334
600587.SH,20260618,12.19,12.26,12.03,12.04,12.19,-0.15,-1.2305,47068.01,57049.68,12.922999999999998,13.639833333333334
600587.SH,20260622,11.98,12.04,11.5,12.02,12.04,-0.02,-0.1661,92793.45,109031.646,12.864500000000001,13.608333333333333
600587.SH,20260623,11.9,12.42,11.9,12.22,12.02,0.2,1.6639,71879.85,88105.893,12.810500000000001,13.576333333333334
600587.SH,20260624,12.29,12.44,12.07,12.14,12.22,-0.08,-0.6547,58578.0,71727.876,12.761,13.542333333333334
600587.SH,20260625,12.06,12.06,11.75,11.93,12.14,-0.21,-1.7298,53618.38,63647.22,12.6885,13.507
600587.SH,20260626,11.91,11.98,11.59,11.6,11.93,-0.33,-2.7661,58254.35,68058.894,12.605500000000001,13.461833333333335
600587.SH,20260629,11.6,12.39,11.4,12.28,11.6,0.68,5.8621,115676.49,139497.059,12.546000000000001,13.427
600587.SH,20260630,12.11,12.17,11.81,11.88,12.28,-0.4,-3.2573,60469.8,72228.398,12.46,13.387166666666666
600587.SH,20260701,11.83,12.16,11.72,12.12,11.78,0.34,2.8862,59476.0,71314.284,12.397499999999999,13.347
600587.SH,20260702,12.13,12.42,12.04,12.21,12.12,0.09,0.7426,63180.2,77204.313,12.355,13.309
600587.SH,20260703,12.28,12.45,12.21,12.42,12.21,0.21,1.7199,62854.45,77636.978,12.337,13.279833333333332
600587.SH,20260706,12.36,12.53,12.24,12.41,12.42,-0.01,-0.0805,58935.43,73102.836,12.309000000000001,13.249
600587.SH,20260707,12.48,12.48,12.02,12.07,12.41,-0.34,-2.7397,54097.05,65692.445,12.269,13.2075
600587.SH,20260708,12.01,12.25,11.95,12.08,12.07,0.01,0.0829,46819.62,56629.718,12.237,13.170333333333334
600587.SH,20260709,12.06,12.24,11.83,11.91,12.08,-0.17,-1.4073,61266.8,73515.634,12.1995,13.128666666666668
600587.SH,20260710,11.85,12.18,11.7,12.02,11.91,0.11,0.9236,62537.34,74928.035,12.171499999999998,13.09
600587.SH,20260713,12.15,12.24,12.01,12.13,12.02,0.11,0.9151,71436.5,86534.113,12.141000000000002,13.052166666666666
600587.SH,20260714,12.08,12.43,12.05,12.27,12.13,0.14,1.1542,81843.54,100835.238,12.119,13.015666666666668
600587.SH,20260715,12.29,12.72,12.24,12.72,12.27,0.45,3.6675,105681.4,133389.274,12.133,12.9865
