ts_code,trade_date,open,high,low,close,pre_close,change,pct_chg,vol,amount,ma20,ma60,trade_date_str,rsi,dif,dea,macd_hist,bb_mid,bb_upper,bb_lower,k,d,j
688146.SH,2025-06-30,28.43,29.29,28.35,28.91,28.38,0.53,1.8675,46738.08,134974.877,,,2025-06-30,,0.0,0.0,0.0,,,,50.0,50.0,0.0
688146.SH,2025-07-01,28.91,30.6,28.71,30.08,28.91,1.17,4.047,112599.0,337277.121,,,2025-07-01,,0.09333333333333371,0.018666666666666745,0.14933333333333393,,,,49.99999999999999,49.99999999999999,0.0
688146.SH,2025-07-02,30.07,30.26,29.4,29.56,30.08,-0.52,-1.7287,65112.58,193570.655,,,2025-07-02,,0.12391263057929791,0.03971585944919298,0.16839354226020986,,,,49.99999999999999,49.99999999999999,0.0
688146.SH,2025-07-03,29.34,29.71,29.21,29.33,29.39,-0.06,-0.2042,41440.14,121794.764,,,2025-07-03,,0.1281110813494486,0.0573949038292441,0.141432355040409,,,,49.99999999999999,49.99999999999999,0.0
688146.SH,2025-07-04,29.35,29.45,28.74,28.81,29.33,-0.52,-1.7729,46680.62,135020.909,,,2025-07-04,,0.08845902903147973,0.06360772886969124,0.049702600323576984,,,,49.99999999999999,49.99999999999999,0.0
688146.SH,2025-07-07,28.68,30.29,28.6,29.65,28.81,0.84,2.9157,81439.32,240505.789,,,2025-07-07,,0.12339307318086412,0.07556479773192581,0.09565655089787661,,,,49.99999999999999,49.99999999999999,0.0
688146.SH,2025-07-08,29.39,29.9,29.16,29.64,29.65,-0.01,-0.0337,57009.36,168644.457,,,2025-07-08,,0.1485591411249061,0.09016366641052187,0.11679094942876844,,,,49.99999999999999,49.99999999999999,0.0
688146.SH,2025-07-09,29.62,29.73,29.12,29.22,29.64,-0.42,-1.417,44001.52,129262.388,,,2025-07-09,,0.1330788907548488,0.09874671127938725,0.0686643589509231,,,,49.99999999999999,49.99999999999999,0.0
688146.SH,2025-07-10,29.22,29.29,29.0,29.19,29.22,-0.03,-0.1027,33198.67,96713.388,,,2025-07-10,,0.11704075851899276,0.10240552072730835,0.029270475583368816,,,,45.77777777777777,48.59259259259258,-8.444444444444429
688146.SH,2025-07-11,29.1,29.69,29.02,29.48,29.19,0.29,0.9935,47778.02,140478.716,,,2025-07-11,,0.1262753756160393,0.10717949170505454,0.03819176782196951,,,,45.18518518518516,47.45679012345677,-6.814814814814838
688146.SH,2025-07-14,29.39,30.08,29.39,29.75,29.48,0.27,0.9159,52754.55,157108.132,,,2025-07-14,,0.15360990040015565,0.11646557344407477,0.07428865391216177,,,,52.805902549492274,49.23982759880194,10.698224852071007
688146.SH,2025-07-15,29.79,29.94,29.26,29.45,29.75,-0.3,-1.0084,37978.95,112188.516,,,2025-07-15,,0.14934367451420627,0.12304119365810107,0.05260496171221041,,,,51.96922102905006,50.149625408884646,5.458786860496247
688146.SH,2025-07-16,29.6,29.92,29.45,29.56,29.45,0.11,0.3735,33636.34,99854.063,,,2025-07-16,,0.15307419640396702,0.12904779420727425,0.04805280439338555,,,,53.58105859530356,51.29343647102428,6.862866372837857
688146.SH,2025-07-17,29.43,29.95,29.43,29.88,29.56,0.32,1.0825,34297.12,101975.986,,,2025-07-17,,0.1797796002047285,0.1391941554067651,0.08117088959592678,,,,60.967254053673756,54.51804233190744,19.347635165298982
688146.SH,2025-07-18,30.0,30.1,29.72,29.89,29.88,0.01,0.0335,30418.71,90782.103,,,2025-07-18,87.40746554345588,0.19945158779558625,0.15124564188452935,0.0964118918221138,,,,67.61453300547944,58.883539223098104,26.192981347144013
688146.SH,2025-07-21,30.0,30.16,29.81,30.02,29.89,0.13,0.4349,36802.09,110362.601,,,2025-07-21,87.61003835972272,0.22296153148876385,0.16558881980537626,0.11474542336677518,,,,74.38670016457249,64.05125953692288,31.00632188294881
688146.SH,2025-07-22,29.94,30.35,29.87,30.03,30.02,0.01,0.0333,47383.73,142370.486,,,2025-07-22,87.62652761124423,0.23963785168724883,0.1803986261817508,0.11847845101099608,,,,75.02323220848041,67.70858376077538,21.943945343115075
688146.SH,2025-07-23,30.03,30.05,29.63,29.72,30.03,-0.31,-1.0323,43713.12,130479.134,,,2025-07-23,83.8988909198258,0.22524308430216422,0.1893675178058335,0.07175113299266145,,,,67.5593477881097,67.65883843655348,-0.2984719453313289
688146.SH,2025-07-24,29.64,30.09,29.64,30.09,29.72,0.37,1.245,44566.56,133582.386,,,2025-07-24,84.73364408135228,0.24091392940726664,0.19967680012612013,0.08247425856229301,,,,70.42182818901497,68.5798350207073,5.525979504923015
688146.SH,2025-07-25,30.18,30.59,30.02,30.39,30.09,0.3,0.997,45317.39,137071.932,29.6325,,2025-07-25,85.39481472874164,0.27437782310035885,0.2146170047209679,0.11952163675878191,29.6325,30.44864949610963,28.81635050389037,75.26868746435585,70.80945250192349,13.377704887297085
688146.SH,2025-07-28,30.39,30.51,30.17,30.33,30.39,-0.06,-0.1974,35719.48,108434.45,29.7035,,2025-07-28,84.60560578181715,0.2926828358445128,0.2302301709456769,0.12490532979767183,29.703500000000002,30.501874005483387,28.905125994516617,76.04119394175443,72.55336631520046,10.463482879661882
688146.SH,2025-07-29,30.38,30.6,30.17,30.42,30.33,0.09,0.2967,40875.43,124173.345,29.7205,,2025-07-29,84.83205107572076,0.310868440292559,0.24635782481505336,0.12902123095501128,29.720499999999998,30.565733695494924,28.87526630450507,78.89925749963118,74.66866337667736,12.691782368861453
688146.SH,2025-07-30,30.4,30.91,30.0,30.33,30.42,-0.09,-0.2959,45851.62,139626.576,29.759000000000004,,2025-07-30,83.50917377065542,0.3143942735177525,0.25996511455559324,0.10885831792431855,29.759000000000004,30.642721794755754,28.875278205244253,70.82867166642075,73.38866613992515,-7.679983420513224
688146.SH,2025-07-31,30.1,30.36,29.51,29.67,30.33,-0.66,-2.1761,54543.54,163231.396,29.776,,2025-07-31,74.35243351180887,0.26092426509284294,0.2601569446630432,0.0015346408595995342,29.776,30.637782729975612,28.914217270024388,51.02863825380431,65.9353235112182,-44.720055772241665
688146.SH,2025-08-01,29.53,30.0,29.53,29.71,29.67,0.04,0.1348,28296.92,84189.229,29.821000000000005,,2025-08-01,74.53467892375967,0.21924919564207102,0.2519753948588488,-0.06545239843355555,29.821000000000005,30.55489802819567,29.08710197180434,38.78099693110762,56.883881317848,-54.30865316022114
688146.SH,2025-08-04,29.68,30.5,29.54,30.33,29.71,0.62,2.0868,33535.47,100931.967,29.855,,2025-08-04,77.23488366169916,0.23355791107930557,0.24829189810294014,-0.02946797404726914,29.854999999999997,30.61797202818287,29.092027971817124,45.37780747788121,53.0485233711924,-23.012147679933577
688146.SH,2025-08-05,30.41,30.57,30.31,30.45,30.33,0.12,0.3956,32490.32,98860.034,29.8955,,2025-08-05,77.72714715169548,0.2516794640733835,0.24896941129702882,0.005420105552709331,29.8955,30.695512499902353,29.095487500097644,52.63282403287316,52.909956925085986,-0.8313986766384573
688146.SH,2025-08-06,31.68,34.56,31.31,32.95,30.45,2.5,8.2102,187349.73,616912.82,30.082,,2025-08-06,85.00290617792048,0.462439319392697,0.2916633929161625,0.341551852953069,30.082,31.618785435148393,28.54521456485161,57.79481998231148,54.53824461082782,9.769726114450975
688146.SH,2025-08-07,32.95,33.39,32.32,32.4,32.95,-0.55,-1.6692,110147.07,359239.607,30.2425,,2025-08-07,78.89673657543757,0.5784199545358355,0.34901470524009715,0.4588104985914767,30.2425,32.03607772416798,28.448922275832015,57.605787578966705,55.560758933540775,6.13508593627779
688146.SH,2025-08-08,33.8,36.2,33.8,34.77,32.4,2.37,7.3148,223131.76,780612.336,30.507,,2025-08-08,84.17279554800058,0.8517561221888776,0.4495629886298532,0.8043862671180488,30.506999999999998,33.17446558207955,27.839534417920447,64.61212943729818,58.57788243479324,18.10274100751485
688146.SH,2025-08-11,36.48,37.88,34.86,35.19,34.77,0.42,1.2079,216056.9,772644.157,30.779,,2025-08-11,84.89358284185498,1.0897060413223016,0.5775915991683429,1.0242288843079175,30.778999999999996,34.1405716875483,27.41742831245169,65.69522289049665,60.95032925336104,14.234680911406826
688146.SH,2025-08-12,36.0,37.98,34.7,37.38,35.19,2.19,6.2234,232888.7,842635.298,31.1755,,2025-08-12,87.97001590792752,1.4384165928790047,0.7497565979104752,1.377319989937059,31.1755,35.584545606238926,26.76645439376107,74.76887350511663,65.5565106706129,27.637088503511222
688146.SH,2025-08-13,41.43,44.86,41.43,44.86,37.38,7.48,20.0107,310402.4,1375669.241,31.9405,,2025-08-13,93.12210731026606,2.291925810276666,1.0581904403837135,2.4674707397859055,31.940499999999997,39.41381667369068,24.46718332630931,83.17924900341109,71.43075678154563,35.245476665596385
688146.SH,2025-08-14,46.62,46.62,40.63,40.63,44.86,-4.23,-9.4293,381063.09,1601051.25,32.477999999999994,,2025-08-14,73.8583302286871,2.5970749029924747,1.3659673329054658,2.4622151401740178,32.477999999999994,40.82284801665391,24.13315198334608,77.09608013186033,73.31919789831719,11.330646700629444
688146.SH,2025-08-15,40.02,42.5,39.51,41.94,40.63,1.31,3.2242,253717.4,1054813.277,33.0805,,2025-08-15,75.54551548987173,2.911056956795548,1.6749852576834823,2.4721433982241314,33.0805,42.32962394144498,23.831376058555023,75.16603584511105,73.93481054724847,3.693675893587738
688146.SH,2025-08-18,41.56,41.8,39.26,40.44,41.94,-1.5,-3.5765,229649.69,925276.528,33.6015,,2025-08-18,69.97640632791052,3.004221734484041,1.940832553043594,2.126778362880894,33.6015,43.28829681998023,23.91470318001977,69.98876589543437,72.6194623299771,-7.8920893036281825
688146.SH,2025-08-19,40.08,41.51,39.58,39.58,40.44,-0.86,-2.1266,142838.74,576020.38,34.07899999999999,,2025-08-19,66.9299871618965,2.974373947949566,2.1475408320247884,1.653666231849555,34.07899999999999,43.96400597662413,24.193994023375858,63.58225418669983,69.60705961555134,-18.07441628655451
688146.SH,2025-08-20,39.1,40.48,38.49,40.28,39.58,0.7,1.7686,132672.16,521980.418,34.607,,2025-08-20,68.14559042072636,2.9729333864430743,2.312619342908446,1.3206280870692568,34.607,44.63867845535228,24.575321544647718,59.23684340475777,66.15032087862014,-20.740432421587087
688146.SH,2025-08-21,40.28,40.58,39.46,39.65,40.28,-0.63,-1.5641,87897.13,350641.346,35.085,,2025-08-21,65.80125962644723,2.8876687483802286,2.4276292240028026,0.920079048754852,35.085,45.121492362741506,25.048507637258492,53.3335108156998,61.87805085764669,-25.63362012584068
688146.SH,2025-08-22,39.55,42.58,39.55,41.45,39.65,1.8,4.5397,151156.3,622911.332,35.638,,2025-08-22,69.0747494801096,2.931547806896461,2.5284129405815343,0.8062697326298531,35.638,45.803236114481464,25.472763885518535,54.431512803307704,59.39587150620036,-14.893076108677946
688146.SH,2025-08-25,42.0,44.1,41.72,41.94,41.45,0.49,1.1821,196712.83,842766.942,36.2185,,2025-08-25,69.91886779941856,2.9716063535186166,2.6170516231689507,0.7091094606993318,36.2185,46.43332776730914,26.00367223269086,50.43281665361964,56.408186555340116,-17.926109705161423
688146.SH,2025-08-26,42.1,43.19,40.92,42.36,41.94,0.42,1.0014,106175.72,445302.745,36.8155,,2025-08-26,70.65815869312111,3.0026310683534305,2.694167512205847,0.6169271122951674,36.8155,46.99902741079024,26.63197258920976,49.48903644066647,54.10180318378223,-13.838300229347283
688146.SH,2025-08-27,42.32,44.56,41.93,42.0,42.36,-0.36,-0.8499,134995.18,586227.483,37.399,,2025-08-27,69.09076154628646,2.9640022145248324,2.748134452669644,0.43173552371037704,37.399,47.35260796791534,27.445392032084662,52.267814518928645,53.49047362883103,-3.6679773297071563
688146.SH,2025-08-28,42.29,43.5,41.95,43.18,42.0,1.18,2.8095,118864.63,507755.15,38.0745,,2025-08-28,71.33530611901878,2.994090694123223,2.79732570096036,0.393529986325726,38.0745,47.6459432173606,28.503056782639398,60.60028930586454,55.8604121878422,14.219631354067019
688146.SH,2025-08-29,43.18,43.2,41.59,42.81,43.18,-0.37,-0.8569,105165.25,444983.532,38.7295,,2025-08-29,69.62793533128999,2.9540279280635815,2.8286661463810043,0.25072356336515433,38.729499999999994,47.662456073468995,29.796543926530994,64.12342186563401,58.614748747106134,16.526019355583657
688146.SH,2025-09-01,42.8,44.0,42.35,43.3,42.81,0.49,1.1446,85525.7,368810.987,39.378,,2025-09-01,70.630469895797,2.9280639041927614,2.8485456979433557,0.1590364124988115,39.378,47.5982051453464,31.157794854653606,69.1630061201975,62.13083453813658,21.09651474618272
688146.SH,2025-09-02,42.78,43.29,40.11,40.55,43.3,-2.75,-6.351,132014.76,541685.213,39.883,,2025-09-02,58.88318212176904,2.6549802512547274,2.8098326086056304,-0.30970471470180616,39.882999999999996,46.95451171212614,32.81148828787385,53.23285375333425,59.16484094320247,-17.795961569604657
688146.SH,2025-09-03,40.81,41.91,39.96,40.81,40.55,0.26,0.6412,86842.08,355332.5,40.276,,2025-09-03,59.567877490408286,2.431510377855936,2.734168162455692,-0.6053155691995116,40.275999999999996,46.554345071920274,33.99765492807972,43.871802701823654,54.06716152940953,-30.58607648275762
688146.SH,2025-09-04,40.79,41.28,38.35,38.89,40.81,-1.92,-4.7047,79548.98,316374.855,40.6005,,2025-09-04,52.601760870563055,2.0755552305736273,2.602445576079279,-1.053780691011303,40.6005,45.73074663406314,35.470253365936856,32.14641919252011,46.76024741711305,-43.84148467377881
688146.SH,2025-09-05,39.09,39.93,38.88,39.74,38.89,0.85,2.1857,43812.94,173274.156,40.849,,2025-09-05,55.10487242753358,1.8408262094199799,2.4501217027474196,-1.2185909866548794,40.849000000000004,45.21460672819524,36.483393271804765,28.892030401025217,40.8041750784171,-35.73643403217565
688146.SH,2025-09-08,39.99,40.73,38.98,40.53,39.74,0.79,1.9879,57921.54,229654.743,41.116,,2025-09-08,57.35880151970822,1.6989635722264396,2.2998900766432238,-1.2018530088335684,41.116,44.58555722944894,37.64644277055106,30.962910229776334,37.523753462203516,-19.682529697281538
688146.SH,2025-09-09,40.33,40.49,38.81,38.91,40.53,-1.62,-3.997,45684.82,179935.297,41.1925,,2025-09-09,51.63413073972128,1.4392254539440188,2.127757152103383,-1.3770633963187286,41.192499999999995,44.370429647129654,38.01457035287034,23.94577496144378,32.99776062861694,-27.155957001519482
688146.SH,2025-09-10,39.17,39.71,38.83,39.31,38.91,0.4,1.028,40606.7,159619.372,40.915000000000006,,2025-09-10,52.88451577267336,1.2512343304584306,1.9524525877743928,-1.4024365146319244,40.915000000000006,43.687971045837486,38.14202895416253,21.62756678845515,29.207696015229672,-22.740387680323565
688146.SH,2025-09-11,39.03,40.55,39.03,40.25,39.31,0.94,2.3912,45413.73,181053.778,40.896,,2025-09-11,55.77784101650068,1.164674511995841,1.7948969726186825,-1.260444921245683,40.896,43.68236832114008,38.10963167885992,25.627817386993694,28.01440313915101,-7.1597572564719485
688146.SH,2025-09-12,40.29,41.33,40.0,40.33,40.25,0.08,0.1988,54906.55,223255.394,40.8155,,2025-09-12,56.0253453750523,1.0899661127787539,1.6539108006506968,-1.127889375743886,40.8155,43.56768936771979,38.06331063228021,30.44553547796879,28.824780585423603,4.862264677635565
688146.SH,2025-09-15,40.51,40.98,39.89,40.35,40.33,0.02,0.0496,44453.19,179667.413,40.81099999999999,,2025-09-15,56.09150851665503,1.0206080665228754,1.5272502538251327,-1.0132843746045146,40.81099999999999,43.56606729309358,38.055932706906404,39.02361541227884,32.22439219437535,20.397669653710494
688146.SH,2025-09-16,40.66,41.64,40.01,41.3,40.35,0.95,2.3544,55159.3,226377.578,40.897000000000006,,2025-09-16,59.229407759664575,1.0304203315187266,1.4278842693638516,-0.79492787569025,40.897000000000006,43.59710604080272,38.19689395919729,55.904294773332765,40.11769305402782,47.35980515791485
688146.SH,2025-09-17,41.17,42.4,41.0,42.21,41.3,0.91,2.2034,70238.52,293900.064,40.9935,,2025-09-17,62.028701043491495,1.0989579142759425,1.3620989983462697,-0.5262821681406544,40.9935,43.73834224453224,38.248657755467754,68.8387034793435,49.69136319579971,57.44202085063134
688146.SH,2025-09-18,41.79,43.5,41.5,42.09,42.21,-0.12,-0.2843,87792.64,373118.984,41.1155,,2025-09-18,61.429731778144244,1.1305590641367118,1.3157910115043583,-0.37046389473529295,41.1155,43.82559399720463,38.40540600279537,69.20448035794186,56.19573558318042,39.0262343242843
688146.SH,2025-09-19,41.96,44.98,41.8,43.06,42.09,0.97,2.3046,102823.2,447355.819,41.196000000000005,35.48883333333333,2025-09-19,64.42052608589623,1.2198128531827663,1.29659537984004,-0.1535650533145474,41.196000000000005,44.04025478168857,38.35174521831144,69.09688209708281,60.49611775448122,25.80229302780478
688146.SH,2025-09-22,43.22,43.8,41.9,42.27,43.06,-0.79,-1.8346,68310.31,290404.936,41.2125,35.7115,2025-09-22,60.31826968370181,1.2128200912879947,1.279840322129631,-0.13404046168327266,41.2125,44.07867202994927,38.34632797005073,64.7095745145864,61.90060334118294,8.426913520210348
688146.SH,2025-09-23,42.55,43.88,40.52,43.46,42.27,1.19,2.8152,68586.46,287323.94,41.2675,35.9345,2025-09-23,64.03362036523906,1.2884488950309674,1.2815620367098983,0.013773716642138112,41.2675,44.26556867657731,38.26943132342269,67.95764351392596,63.91961673209728,12.114080345486002
688146.SH,2025-09-24,42.89,46.8,42.7,45.93,43.46,2.47,5.6834,133179.32,599640.955,41.464,36.20733333333333,2025-09-24,70.25821312304711,1.530056090042919,1.3312608473765026,0.3975904853328327,41.464,45.109475349843436,37.81852465015656,74.44161280089035,67.4269487550283,21.043992137586145
688146.SH,2025-09-25,45.2,46.4,45.01,45.1,45.93,-0.83,-1.8071,64202.49,291884.071,41.56,36.47016666666666,2025-09-25,66.11730867957894,1.6357021135988035,1.392149100620963,0.487106025955681,41.56,45.48606941515709,37.633930584842915,74.7603998508589,69.8714324536385,14.666902191661194
688146.SH,2025-09-26,44.9,46.68,43.9,44.0,45.1,-1.1,-2.439,69458.63,312677.781,41.6195,36.723333333333336,2025-09-26,60.987096335746465,1.6120834469990157,1.4361359698965734,0.3518949542048846,41.6195,45.65974217617034,37.579257823829664,69.42789543321865,69.72358678016522,-0.8870740408397069
688146.SH,2025-09-29,44.35,44.9,43.5,43.79,44.0,-0.21,-0.4773,53671.86,236431.889,41.644,36.959,2025-09-29,60.02947022808725,1.5584553355946298,1.4605998430361846,0.19571098511689033,41.644,45.732800621981475,37.55519937801852,63.641951520234926,67.69637502685512,-12.163270519860589
688146.SH,2025-09-30,43.77,44.58,43.5,43.96,43.79,0.17,0.3882,44960.05,198428.596,41.8145,37.19766666666667,2025-09-30,60.5692386750357,1.5122400877923923,1.4709278919874262,0.08262439160993207,41.8145,45.994590530371994,37.63440946962801,60.68699103472137,65.35991369614388,-14.018767984267498
688146.SH,2025-10-09,44.12,45.67,44.1,44.35,43.96,0.39,0.8872,55825.83,250440.885,41.9915,37.44983333333334,2025-10-09,61.84230233364664,1.4899091661491397,1.474724146819769,0.03037003865874155,41.991499999999995,46.29059794699947,37.69240205300052,60.787081071979856,63.83563615475586,-9.145665248328015
688146.SH,2025-10-10,44.0,44.69,42.46,42.93,44.35,-1.42,-3.2018,61596.82,265992.083,42.1935,37.67883333333334,2025-10-10,54.8930122276903,1.3421580547061396,1.448210928397043,-0.21210574738180688,42.1935,46.25191698462011,38.13508301537989,53.316652774101215,60.32930836120431,-21.037966761309292
688146.SH,2025-10-13,39.4,44.2,39.4,43.8,42.93,0.87,2.0266,71596.24,309306.272,42.3965,37.9175,2025-10-13,58.00653532476352,1.2805050978239407,1.4146697622824227,-0.2683293289169639,42.396499999999996,46.34279886562617,38.45020113437382,55.36425500255396,58.67429057498752,-9.930106717300674
688146.SH,2025-10-14,43.75,44.06,41.63,41.64,43.8,-2.16,-4.9315,58415.95,249948.999,42.452,38.11566666666667,2025-10-14,48.96902327368171,1.0453011561319272,1.3407960410523236,-0.5909897698407929,42.452,46.31818048970139,38.585819510298606,46.99959342512607,54.78272485836703,-23.34939429972289
688146.SH,2025-10-15,41.65,42.56,40.66,42.26,41.64,0.62,1.489,44847.46,186252.337,42.6195,38.329166666666666,2025-10-15,51.31379468906988,0.8985709892093254,1.252351030683724,-0.7075600829487971,42.6195,46.11174388730532,39.12725611269468,44.42830037865547,51.331250031796515,-20.708848959423136
688146.SH,2025-10-16,42.74,42.74,40.92,40.92,42.26,-1.34,-3.1708,26871.22,111304.117,42.7,38.5185,2025-10-16,46.35618728904667,0.6664767445923658,1.1351761734654524,-0.9373988577461732,42.7,45.93584528938614,39.46415471061387,36.578573878810616,46.413691314134546,-29.505352305971783
688146.SH,2025-10-17,40.92,41.25,39.3,39.42,40.92,-1.5,-3.6657,36710.29,146414.077,42.6585,38.6775,2025-10-17,41.52036526650462,0.35738322821620727,0.9796175844156034,-1.2444687123987923,42.6585,46.04445411415427,39.27254588584572,25.013659404293442,39.28034734418751,-42.80006381968221
688146.SH,2025-10-20,39.92,40.48,38.71,39.23,39.42,-0.19,-0.482,27599.93,108838.702,42.6035,38.83316666666666,2025-10-20,40.93781383754982,0.09598650480791093,0.8028913684940651,-1.4138097273723083,42.603500000000004,46.17913259033321,39.0278674096668,19.166194392134305,32.57562969350311,-40.228305904106406
688146.SH,2025-10-21,39.37,40.19,39.37,40.03,39.23,0.8,2.0393,33048.45,131869.029,42.5875,39.0,2025-10-21,44.47059851710105,-0.04608769734739582,0.633095555325773,-1.3583665053463376,42.5875,46.20817091776333,38.966829082236664,19.09930200854931,28.083520465185174,-26.952655369907596
688146.SH,2025-10-22,39.55,39.99,39.12,39.5,40.03,-0.53,-1.324,25135.54,99268.374,42.4975,39.157833333333336,2025-10-22,42.65047006653749,-0.19915338054772747,0.46664576815107295,-1.3315982973976008,42.497499999999995,46.33586519476995,38.65913480523004,17.136435452745246,24.434492127705195,-21.89417002487984
688146.SH,2025-10-23,39.5,39.77,38.68,39.51,39.5,0.01,0.0253,26108.6,102014.095,42.3625,39.321,2025-10-23,42.69812487313528,-0.3160093616243742,0.31011474219598356,-1.2522482076407155,42.3625,46.42672064776072,38.29827935223928,16.436367596516142,21.768450617308844,-15.996249062378105
688146.SH,2025-10-24,39.76,40.64,39.76,40.48,39.51,0.97,2.4551,38807.48,156045.746,42.282,39.494166666666665,2025-10-24,47.274813739063056,-0.32658302928699356,0.18277518789938813,-1.0187164343727635,42.282,46.4318235853436,38.13217641465639,22.109994754554727,21.88229866305747,0.6830882744917801
688146.SH,2025-10-27,40.5,41.49,37.69,38.89,40.48,-1.59,-3.9279,108308.77,423501.438,42.0735,39.63583333333334,2025-10-27,41.433102531141884,-0.45798310475728954,0.05462352936805258,-1.0252132682506843,42.073499999999996,46.4704093212105,37.676590678789495,22.660788582244415,22.14179530278645,1.5569798383739055
688146.SH,2025-10-28,38.7,45.38,38.21,45.0,38.89,6.11,15.711,114918.96,470097.088,42.21,39.88033333333333,2025-10-28,61.24924737604898,-0.06830529374675365,0.030037764745091337,-0.19668611698368998,42.209999999999994,46.797947597553296,37.62205240244669,46.793364906585126,30.35898517071934,49.30313920759737
688146.SH,2025-10-29,48.0,52.4,47.02,47.2,45.0,2.2,4.8889,266624.53,1309303.585,42.397000000000006,40.16,2025-10-29,65.74367026862612,0.4132748179423871,0.1066851753845505,0.6131792851156732,42.397000000000006,47.477866482257404,37.31613351774261,52.745542613907425,37.821170985115366,44.77311488637619
688146.SH,2025-10-30,47.0,52.0,47.0,48.81,47.2,1.61,3.411,246311.94,1220957.952,42.541,40.468,2025-10-30,68.61270351235632,0.914304537152482,0.2682090477381368,1.2921909788286905,42.541,48.176451319898675,36.90554868010132,60.36197289148326,45.33477162057133,45.08160381273578
688146.SH,2025-10-31,48.35,49.7,45.88,45.88,48.81,-2.93,-6.0029,167177.74,788687.369,42.58,40.738166666666665,2025-10-31,58.93840360845565,1.0626975702982477,0.42710675225015904,1.2711816360961774,42.58,48.300176662711735,36.85982333728826,58.80011879599905,49.82322067904724,26.93069435085542
688146.SH,2025-11-03,45.13,48.5,43.21,46.88,45.88,1.0,2.1796,165689.07,747808.061,42.724,41.02433333333333,2025-11-03,60.96153819537752,1.2466214843549182,0.5910096986711109,1.3112235713676146,42.724000000000004,48.73243056835454,36.71556943164547,60.02491490999983,53.2237854226981,20.403388461905166
688146.SH,2025-11-04,46.39,47.35,45.08,45.9,46.88,-0.98,-2.0904,95029.6,436817.859,42.8295,41.28383333333333,2025-11-04,57.948254229070535,1.2983382662015472,0.7324754121771981,1.1317257080486982,42.8295,48.98894110588311,36.6700588941169,58.62073411856322,55.0227683213198,10.79389739173024
688146.SH,2025-11-05,43.98,46.9,43.58,45.51,45.9,-0.39,-0.8497,102199.65,460738.709,42.907,41.53483333333334,2025-11-05,56.74614556714769,1.2929501235890584,0.8445703544595702,0.8967595382589764,42.907,49.1645566107581,36.649443389241895,56.80086104165261,55.615465894764064,3.5561854406656437
688146.SH,2025-11-06,45.5,46.29,44.38,44.75,45.51,-0.76,-1.67,89335.24,403894.799,42.927,41.7315,2025-11-06,54.378773879764225,1.2133673893645849,0.9183297614405732,0.5900752558480233,42.927,49.20649411304683,36.64750588695317,53.86542786869295,55.03211988607369,-3.5000760521422194
688146.SH,2025-11-07,44.1,47.47,43.81,45.99,44.75,1.24,2.7709,119230.58,549386.186,43.08,41.958,2025-11-07,57.4945582330257,1.2361060746375543,0.9818850240799695,0.5084421011151696,43.08,49.50717913076551,36.65282086923449,54.186066312274036,54.75010202814046,-1.6921071475992449
688146.SH,2025-11-10,46.41,47.28,45.05,45.45,45.99,-0.54,-1.1742,110828.25,511388.247,43.1625,42.136,2025-11-10,55.71016072419049,1.1967576819068242,1.0248595556453406,0.3437962525229672,43.1625,49.67044453766037,36.65455546233963,44.24881751249898,51.24967385625996,-21.002569031282945
688146.SH,2025-11-11,45.9,46.19,44.3,44.6,45.45,-0.85,-1.8702,82727.54,372861.547,43.310500000000005,42.29283333333333,2025-11-11,52.92569859593849,1.0844846370960681,1.036784571935486,0.09540013032116423,43.310500000000005,49.80727968810625,36.81372031189376,34.77035312361517,45.75656694537837,-32.95864146528956
688146.SH,2025-11-12,44.3,44.6,42.44,43.48,44.6,-1.12,-2.5112,78881.82,340273.758,43.371500000000005,42.3945,2025-11-12,49.420611612135616,0.8948178967218752,1.0083912368927639,-0.22714668034177743,43.371500000000005,49.849632528177544,36.893367471822465,27.955258372584577,39.82279742111377,-35.60261714558759
688146.SH,2025-11-13,43.2,45.99,42.99,44.35,43.48,0.87,2.0009,83413.43,374435.279,43.543,42.386,2025-11-13,52.07567050974793,0.8054229531612194,0.967797580146455,-0.3247492539704713,43.543,49.928820146807205,37.157179853192794,29.142889520116906,36.26282812078148,-21.35981580199372
688146.SH,2025-11-14,43.97,43.97,42.01,42.02,44.35,-2.33,-5.2537,75520.91,322856.324,43.673,42.40916666666666,2025-11-14,45.228185330577254,0.5403366246944756,0.8823053890560592,-0.683937528723167,43.673,49.80627799364816,37.539722006351845,19.489643074461362,30.67176643867477,-33.546370092640224
688146.SH,2025-11-17,43.1,45.8,43.1,43.24,42.02,1.22,2.9034,94991.32,423875.212,43.8735,42.43083333333333,2025-11-17,49.008942969599595,0.423812160799514,0.7906067434047501,-0.7335891652104722,43.8735,49.646840818843685,38.100159181156315,20.50225289213177,27.2819285898271,-20.33902709308598
688146.SH,2025-11-18,43.26,45.2,42.24,43.49,43.24,0.25,0.5782,90323.73,394868.46,44.0465,42.48166666666667,2025-11-18,49.774037049766996,0.34763131688409743,0.7020116581006196,-0.7087606824330444,44.0465,49.53525318983717,38.55774681016283,22.703577630163572,25.75581160327259,-9.156701919327062
688146.SH,2025-11-19,43.0,45.1,43.0,44.13,43.49,0.64,1.4716,88147.07,388117.775,44.278000000000006,42.5575,2025-11-19,51.76916280939361,0.335037991116927,0.6286169247038811,-0.5871578671739082,44.278000000000006,49.332751178216846,39.223248821783166,28.078331362722015,26.5299848564224,4.645039518898855
688146.SH,2025-11-20,44.77,44.79,41.56,41.75,44.13,-2.38,-5.3932,81801.48,349925.472,44.39,42.582,2025-11-20,44.663897647124095,0.13149577872250973,0.5291926955076068,-0.7953938335701942,44.39,49.08649365288395,39.69350634711605,19.826113682374103,24.295361131739632,-13.407742348096576
688146.SH,2025-11-21,40.5,42.7,40.0,40.3,41.75,-1.45,-3.4731,75691.39,312385.405,44.381,42.59283333333334,2025-11-21,40.9741642996447,-0.14514265866596787,0.3943256246728919,-1.0789365666777195,44.381,49.10962236530732,39.652377634692684,14.83291800688159,21.141213423453618,-18.92488624971608
688146.SH,2025-11-24,40.5,41.4,40.02,40.8,40.3,0.5,1.2407,53120.62,216479.029,44.4765,42.582,2025-11-24,42.731052982136305,-0.32034208786017615,0.2513920821662783,-1.1434683400529089,44.4765,48.797792569785635,40.15520743021437,14.340476222729055,18.874301023212094,-13.60147440144911
688146.SH,2025-11-25,40.79,41.11,39.89,40.07,40.8,-0.73,-1.7892,66486.76,269314.817,44.23,42.55083333333334,2025-11-25,40.820672825401765,-0.512189594062356,0.09867574692055144,-1.221730681965815,44.230000000000004,48.96791870806274,39.49208129193727,10.543924039196417,16.09750869520687,-16.660753968031358
688146.SH,2025-11-26,39.93,40.23,39.27,39.52,40.07,-0.55,-1.3726,43150.13,171386.93,43.846,42.5035,2025-11-26,39.39175883401284,-0.7005351947157834,-0.061166441406715524,-1.2787375066181357,43.846,48.809900842981016,38.88209915701898,8.30544399958679,13.500153796666842,-15.584129391240154
688146.SH,2025-11-27,39.52,40.46,39.47,39.51,39.52,-0.01,-0.0253,37676.01,150544.399,43.38100000000001,42.462,2025-11-27,39.36477797763167,-0.8409138254873767,-0.21711591822284776,-1.247595814529058,43.38100000000001,48.12445155257006,38.63754844742996,6.76207752090878,11.254128371414154,-13.476152551516122
688146.SH,2025-11-28,39.5,40.34,39.1,40.26,39.51,0.75,1.8983,37777.52,151061.746,43.1,42.41333333333333,2025-11-28,42.54338154907815,-0.8814849598470289,-0.349989726547684,-1.0629904665986898,43.1,47.88579037084623,38.31420962915377,10.846849494813481,11.118368745880597,-0.814557753201349
688146.SH,2025-12-01,40.0,41.06,39.91,40.72,40.26,0.46,1.1426,55533.25,224502.54,42.792,42.3785,2025-12-01,44.46625031461489,-0.866530891782979,-0.45329795959474306,-0.826465864376472,42.791999999999994,47.34049240495078,38.24350759504921,16.231232996542307,12.8226568294345,10.225728501323424
688146.SH,2025-12-02,40.35,40.69,39.7,39.99,40.72,-0.73,-1.7927,35939.31,144000.398,42.4965,42.32333333333334,2025-12-02,42.060588161611754,-0.9031733639062054,-0.5432730404570356,-0.7198006468983396,42.4965,46.961966439949585,38.03103356005041,16.03464742241661,13.893320360428536,6.423981185964223
688146.SH,2025-12-03,39.9,39.98,39.22,39.54,39.99,-0.45,-1.1253,28938.01,114223.238,42.198,42.3065,2025-12-03,40.60234618981624,-0.9574867154112283,-0.6261157754478742,-0.6627418799267082,42.198,46.613153809086946,37.782846190913055,14.763839022351792,14.183493247736287,1.7410373238465198
688146.SH,2025-12-04,39.23,39.64,38.7,39.14,39.54,-0.4,-1.0116,29040.52,113473.854,41.9175,42.278666666666666,2025-12-04,39.29810467850142,-1.0210372134232983,-0.7051000630429591,-0.6318743007606784,41.917500000000004,46.362712090138785,37.47228790986122,15.274658113666606,14.54721486971306,2.1823297318606407
688146.SH,2025-12-05,39.39,39.98,38.72,39.8,39.14,0.66,1.6863,30037.07,118749.816,41.608,42.29383333333333,2025-12-05,42.575813486084996,-1.0065421652740838,-0.7653884834891842,-0.4823073635697992,41.608,45.707867006828934,37.50813299317106,25.39748991810133,18.163973219175816,21.70055009677654
688146.SH,2025-12-08,39.85,40.63,39.85,40.22,39.8,0.42,1.0553,40480.0,163297.523,41.346500000000006,42.301833333333335,2025-12-08,44.62495634315163,-0.9502108065785535,-0.8023529481070582,-0.2957157169429907,41.346500000000006,45.063891700188705,37.62910829981131,38.40058649907315,24.909510979141594,40.47322655979468
688146.SH,2025-12-09,40.05,40.49,39.5,39.91,40.22,-0.31,-0.7708,31657.6,126668.168,41.112,42.291500000000006,2025-12-09,43.39410609315792,-0.9199772827392749,-0.8258778150335015,-0.18819893541154675,41.112,44.54615415158411,37.67784584841589,42.69078647960801,30.836602812630396,35.56255100093284
688146.SH,2025-12-10,39.91,39.93,39.26,39.83,39.91,-0.08,-0.2005,32830.05,129892.026,40.9295,42.30683333333334,2025-12-10,43.06399908230186,-0.8921877437456658,-0.8391398007759345,-0.10609588593946251,40.929500000000004,44.21867506855127,37.64032493144874,44.42097629713974,35.364727307466836,27.168746969018713
688146.SH,2025-12-11,40.29,40.6,39.26,39.34,39.83,-0.49,-1.2302,40758.44,162455.904,40.679,42.30733333333333,2025-12-11,41.00637444630815,-0.8993362503034277,-0.8511790906814332,-0.09631431924398903,40.678999999999995,43.61553501507084,37.74246498492915,38.653532220692036,36.460995611875234,6.577609826450413
688146.SH,2025-12-12,39.2,40.15,38.88,39.79,39.34,0.45,1.1439,49756.99,196408.821,40.5675,42.29966666666667,2025-12-12,43.668357726452136,-0.8587906500247087,-0.8527014025500883,-0.012178494949240726,40.5675,43.458639822575954,37.67636017742405,44.02697792937256,38.982989717707675,15.131964634994688
688146.SH,2025-12-15,39.43,41.2,39.41,40.23,39.79,0.44,1.1058,66584.43,269488.291,40.417,42.298,2025-12-15,46.223514198900766,-0.782137650945657,-0.8385886522292021,0.11290200256709015,40.417,43.02154744023244,37.812452559767564,49.751318619581625,42.57243268499899,21.5366578037479
688146.SH,2025-12-16,40.17,42.85,40.17,41.47,40.23,1.24,3.0823,108342.39,452196.862,40.316,42.31666666666667,2025-12-16,52.7307624735138,-0.6142512539356275,-0.7937211725704872,0.35893983726971945,40.315999999999995,42.5489532014801,38.08304679851989,55.41654173032346,46.853802366773806,25.688218090648974
688146.SH,2025-12-17,41.4,41.97,39.91,41.6,41.47,0.13,0.3135,84772.32,346902.315,40.1895,42.32166666666667,2025-12-17,53.36784659360471,-0.46534594284303665,-0.7280461266249972,0.5254003675639212,40.189499999999995,41.67386731161453,38.70513268838546,60.18891321166035,51.298839315069316,26.670221689773086
688146.SH,2025-12-18,41.22,41.77,40.65,40.71,41.6,-0.89,-2.1394,52482.4,215258.298,40.1375,42.29666666666667,2025-12-18,48.544084950416206,-0.4143763009004857,-0.665312161480095,0.5018717211592185,40.1375,41.45519935074267,38.81980064925734,55.49118143581721,52.69628668865194,8.38468424149579
688146.SH,2025-12-19,40.71,40.97,40.05,40.37,40.71,-0.34,-0.8352,48268.44,195013.756,40.141000000000005,42.268,2025-12-19,46.80364350335996,-0.3968430908212781,-0.6116183473483316,0.4295505130541071,40.141000000000005,41.46088675750303,38.82111324249698,49.50461633924334,51.6323965721824,-6.383340698817165
688146.SH,2025-12-22,40.39,41.2,40.12,40.65,40.37,0.28,0.6936,47987.26,195963.821,40.1335,42.227833333333336,2025-12-22,48.443004127540924,-0.3562476345960164,-0.5605442047978686,0.4085931404037044,40.1335,41.439248827301896,38.8277511726981,47.86453851667437,50.37644388701305,-7.535716111016029
688146.SH,2025-12-23,40.65,41.7,40.56,40.98,40.65,0.33,0.8118,58167.18,239801.908,40.179,42.20633333333333,2025-12-23,50.38370041412625,-0.29405748929593045,-0.507246861697481,0.4263787448031011,40.179,41.53777499008647,38.820225009913536,49.54193415805155,50.09827397735921,-1.6690194579229853
688146.SH,2025-12-24,41.14,42.17,40.78,41.73,40.98,0.75,1.8302,61870.06,256478.321,40.2895,42.1775,2025-12-24,54.56924464327972,-0.1821528741543048,-0.4422280641888458,0.520150380069082,40.289500000000004,41.776064035478875,38.80293596452113,56.95742713811325,52.38465836427722,13.718306321508095
688146.SH,2025-12-25,41.8,42.0,41.32,41.77,41.73,0.04,0.0959,37773.74,157438.667,40.4025,42.10816666666667,2025-12-25,54.78830398314108,-0.08921161871110428,-0.3716247750932975,0.5648263127643864,40.402499999999996,41.980358308627714,38.82464169137228,60.8398351463391,55.203050624964504,16.910353564123767
688146.SH,2025-12-26,41.82,41.95,41.45,41.52,41.77,-0.25,-0.5985,39224.75,163621.234,40.4655,42.0485,2025-12-26,53.066065050217496,-0.03532075910505483,-0.30436397189564895,0.5380864255811882,40.4655,42.11824221889124,38.81275778110876,58.81385835152769,56.406653200485565,7.221615453126361
688146.SH,2025-12-29,41.38,41.44,40.43,40.45,41.52,-1.07,-2.5771,47380.26,193647.941,40.452000000000005,41.98933333333333,2025-12-29,46.35042083249492,-0.07805218523586177,-0.2591016145636915,0.3620988586556595,40.452000000000005,42.100394434146935,38.803605565853076,47.17384067093004,53.32904902396705,-18.465625059111034
688146.SH,2025-12-30,40.34,40.8,40.05,40.12,40.45,-0.33,-0.8158,37541.53,151407.119,40.4585,41.92816666666667,2025-12-30,44.48078061813386,-0.1369665255350938,-0.23467459675797198,0.19541614244575634,40.4585,42.10023560279174,38.81676439720826,32.54985604477097,46.40265136423503,-41.558385958392165
688146.SH,2025-12-31,40.25,40.99,40.11,40.4,40.12,0.28,0.6979,35280.51,142898.741,40.5015,41.86883333333333,2025-12-31,46.454371607475515,-0.1592274300369425,-0.2195851634137661,0.1207154667536472,40.5015,42.08599427429178,38.91700572570822,27.20304868393537,40.00278380413514,-38.399205360599325
688146.SH,2026-01-05,40.59,42.23,40.59,42.18,40.4,1.78,4.4059,69379.87,288997.142,40.6535,41.83266666666667,2026-01-05,56.934953141587975,-0.03285945003084123,-0.18224002073718115,0.29876114141267984,40.653499999999994,42.27097398905311,39.03602601094688,50.704173128739825,43.56991357900337,21.402778649209353
688146.SH,2026-01-06,42.3,43.2,42.01,42.57,42.18,0.39,0.9246,59446.51,253080.851,40.792,41.82666666666667,2026-01-06,58.8360644238468,0.09763237988880746,-0.12626554061198342,0.44779584100158176,40.792,42.56833093170941,39.01566906829059,60.4694487524932,49.203091970166646,33.79907034697965
688146.SH,2026-01-07,43.39,45.4,43.21,44.79,42.57,2.22,5.2149,137193.08,607985.459,41.0205,41.84316666666667,2026-01-07,67.60320092315379,0.37585096595248046,-0.025842239299090644,0.8033864105031422,41.0205,43.51683394358506,38.524166056414934,69.8456761153693,56.08395335190086,41.285168290405295
688146.SH,2026-01-08,46.21,48.5,44.88,45.5,44.79,0.71,1.5852,146079.6,675893.004,41.3,41.9075,2026-01-08,69.81726187120135,0.6461834653932215,0.10856290163937178,1.0752411275076994,41.3,44.441263574121955,38.15873642587804,68.06279788361898,60.07690152914023,23.95768906343625
688146.SH,2026-01-09,45.28,45.44,44.06,44.66,45.5,-0.84,-1.8462,104345.54,465671.448,41.5415,41.9475,2026-01-09,64.2248850648533,0.78360997104744,0.24357231552098546,1.080075311052909,41.5415,44.93911696673297,38.14388303326703,63.5606029283298,61.23813532887008,6.967402798379169
688146.SH,2026-01-12,44.59,45.47,44.12,45.28,44.66,0.62,1.3883,93757.49,420781.175,41.8385,42.02016666666667,2026-01-12,66.3663209488258,0.931808971533826,0.3812196467235536,1.101178649620545,41.838499999999996,45.45712593869699,38.219874061303,63.00489899363998,61.82705655046004,3.5335273295398224
688146.SH,2026-01-13,45.02,45.4,43.51,43.58,45.28,-1.7,-3.7544,76150.55,337038.086,42.028,42.08950000000001,2026-01-13,56.39785089743184,0.9016878582791819,0.4853132890346793,0.8327491384890051,42.028,45.59146726480945,38.464532735190545,55.92831530542468,59.86080946878159,-11.797482490070735
688146.SH,2026-01-14,43.58,44.64,42.92,43.36,43.58,-0.22,-0.5048,69927.65,306202.932,42.1845,42.15833333333333,2026-01-14,55.241460803171364,0.8502631928143813,0.5583032697906197,0.5839198460475232,42.1845,45.689939232182816,38.679060767817184,50.19774059694184,56.63978651150167,-19.32613774367951
688146.SH,2026-01-15,43.02,45.4,42.77,45.06,43.36,1.7,3.9207,87886.86,389080.413,42.364,42.24216666666666,2026-01-15,61.76539201866521,0.9358961393269851,0.6338218436978929,0.6041485912581845,42.364,46.07691005178306,38.651089948216935,52.30207569505352,55.19388290601894,-8.675421632896303
688146.SH,2026-01-16,45.83,47.19,45.3,46.67,45.06,1.61,3.573,99047.9,456572.628,42.6175,42.361666666666665,2026-01-16,66.71373876975991,1.1207550445510819,0.7312084838685307,0.7790931213651024,42.6175,46.77631498810217,38.45868501189783,58.80230829593194,56.39669136932327,7.2168507798259895
688146.SH,2026-01-19,48.42,51.18,48.2,48.59,46.67,1.92,4.114,160372.9,790628.241,43.0115,42.513000000000005,2026-01-19,71.4578063545978,1.4059777760565595,0.8661623423061364,1.0796308675008461,43.0115,47.8473802605872,38.175619739412795,62.26931532055392,58.35423268640015,11.74524790246133
688146.SH,2026-01-20,48.25,48.5,46.72,47.4,48.59,-1.19,-2.4491,83726.32,397217.52,43.363,42.62833333333334,2026-01-20,65.25054006473837,1.5184915654006659,0.9966281869250424,1.043726756951247,43.363,48.40790613339207,38.31809386660793,59.86404612333399,58.857503832044756,3.0196268738677077
688146.SH,2026-01-21,47.02,49.9,46.93,49.37,47.4,1.97,4.1561,99107.34,481459.474,43.799,42.803,2026-01-21,69.91038324462328,1.746489644625811,1.1466004784651962,1.1997783323212294,43.799,49.339556308758745,38.258443691241254,66.06869820826307,61.26123529078419,14.422388752436632
688146.SH,2026-01-22,49.84,50.1,47.7,48.05,49.37,-1.32,-2.6737,80743.66,390742.979,44.1525,42.85383333333333,2026-01-22,63.74238890862789,1.7999184571853917,1.2772640742092354,1.0453087659523126,44.152499999999996,49.83607513505271,38.46892486494728,64.97326610634104,62.4985788959698,7.424061631113716
688146.SH,2026-01-23,48.29,48.85,47.91,48.44,48.05,0.39,0.8117,61849.46,298986.416,44.488,42.8745,2026-01-23,64.73242990972942,1.8523778578268164,1.3922868309327516,0.9201820537881296,44.488,50.35857461546904,38.61742538453096,65.7887568731136,63.595304888351066,6.580355954287597
688146.SH,2026-01-26,47.89,48.3,46.8,47.39,48.44,-1.05,-2.1676,64549.61,305544.295,44.769,42.85083333333333,2026-01-26,59.983505948556214,1.7886081249068297,1.4715510897275672,0.6341140703585251,44.769,50.62979175538596,38.90820824461404,62.170705136970696,63.1204383045576,-2.8491995027607118
688146.SH,2026-01-27,47.08,48.3,46.27,48.04,47.39,0.65,1.3716,60755.42,287737.269,45.095,42.886833333333335,2026-01-27,61.84938541562669,1.7701149367227202,1.531263859126598,0.4777021551922447,45.095,50.920083690385916,39.26991630961408,62.33496870407637,62.85861510439719,-1.5709392009624707
688146.SH,2026-01-28,48.0,48.95,47.67,48.45,48.04,0.41,0.8535,61138.31,295146.959,45.495,42.913,2026-01-28,63.02066044131694,1.7681602743366227,1.5786431421686031,0.37903426433603915,45.495,51.07041785075579,39.91958214924421,59.41378865986046,61.710339622884945,-6.8896528890734885
688146.SH,2026-01-29,48.26,48.5,45.92,45.95,48.45,-2.5,-5.16,53205.02,250041.969,45.7865,42.913833333333336,2026-01-29,52.44713227316126,1.547048669625724,1.5723242476600272,-0.050551156068606495,45.7865,50.7552879492096,40.81771205079039,39.79930650834804,54.406661918039305,-43.8220662290738
688146.SH,2026-01-30,45.89,46.59,44.28,45.21,45.95,-0.74,-1.6104,49875.58,225856.855,46.027,42.90883333333333,2026-01-30,49.784521364442575,1.2971515585886877,1.5172897098457594,-0.4402763025141434,46.027,50.31733724597619,41.73666275402381,31.859331486665013,46.8908851075812,-45.094660862748555
688146.SH,2026-02-02,44.85,45.49,42.3,42.3,45.21,-2.91,-6.4366,55109.37,238477.735,46.033,42.868,2026-02-02,40.97502400641785,0.8544441176498339,1.3847205914065743,-1.060552947513481,46.033,50.300961919624925,41.76503808037508,21.23955432444334,38.34044151320191,-51.30266156627571
688146.SH,2026-02-03,42.8,43.44,42.39,43.33,42.3,1.03,2.435,36333.77,156259.883,46.071,42.82366666666667,2026-02-03,44.70472273654648,0.5800215457729507,1.2237807822798497,-1.2875184730137978,46.071,50.22104324644557,41.92095675355443,18.56141228467163,31.74743177035848,-39.55805845706057
688146.SH,2026-02-04,42.94,43.19,41.93,42.38,43.33,-0.95,-2.1925,34084.71,144822.811,45.9505,42.7725,2026-02-04,42.064590597438176,0.28262469833923376,1.0355495654917264,-1.5058497343049853,45.9505,50.387205629417544,41.51379437058245,14.511026993199902,26.00196351130562,-34.47280955431715
688146.SH,2026-02-05,42.1,42.44,41.13,42.3,42.38,-0.08,-0.1888,34463.91,144069.823,45.7905,42.73416666666667,2026-02-05,41.84050176828899,0.04001890962803856,0.8364434343189888,-1.5928490493819005,45.790499999999994,50.51695176805915,41.06404823194084,14.661230271681411,22.221719098097545,-22.681466479248407
688146.SH,2026-02-06,42.24,42.75,41.64,42.02,42.3,-0.28,-0.6619,34720.06,146890.514,45.6585,42.709833333333336,2026-02-06,41.016896593631024,-0.17284908904458263,0.6345849296462746,-1.6148680373817144,45.658500000000004,50.657490529675925,40.65950947032408,13.567844904053594,19.33709436674956,-17.3077483880879
688146.SH,2026-02-09,45.58,46.55,44.13,44.44,42.02,2.42,5.7592,85227.88,382972.87,45.6165,42.711333333333336,2026-02-09,50.15019530176505,-0.14460778784456352,0.47874638614810694,-1.246708347985341,45.6165,50.642919778477896,40.59008022152211,23.154351845669126,20.609513526389414,7.634514957839137
688146.SH,2026-02-10,44.68,45.49,44.3,44.69,44.44,0.25,0.5626,59719.76,267692.203,45.672,42.755833333333335,2026-02-10,50.994413977584045,-0.10089044031925454,0.3628190208546347,-0.9274189223477785,45.672000000000004,50.6277562490502,40.71624375094981,31.53754618747908,24.252191080085968,21.856065322179333
688146.SH,2026-02-11,44.66,45.36,44.19,44.34,44.69,-0.35,-0.7832,37062.91,165877.797,45.721,42.774166666666666,2026-02-11,49.72478414132671,-0.09340943652797762,0.27157332937811224,-0.7299655318121797,45.721,50.59927795328164,40.84272204671835,40.622100388722316,29.708827516298083,32.739818617272704
688146.SH,2026-02-12,44.17,44.78,44.1,44.5,44.34,0.16,0.3608,36467.4,162125.169,45.693,42.791,2026-02-12,50.33355549380504,-0.07372022345472828,0.20251461881154414,-0.5524696845325449,45.693,50.593629819888356,40.79237018011164,47.80710751622078,35.74158751627232,36.19655999984539
688146.SH,2026-02-13,44.5,45.35,43.84,43.84,44.5,-0.66,-1.4831,51184.04,228475.193,45.5515,42.78616666666667,2026-02-13,47.76427180021881,-0.11010365795910104,0.1399909634574151,-0.5001892428330323,45.5515,50.496576339147865,40.60642366085213,48.53807167748054,40.00708223667506,25.59296832241644
688146.SH,2026-02-24,44.8,45.35,44.0,44.66,43.84,0.82,1.8704,48854.22,219236.806,45.355,42.83466666666666,2026-02-24,51.10379312734113,-0.07194134985901002,0.09760450079413008,-0.3390917013062802,45.355,50.0999807275966,40.61001927240339,54.06843154882465,44.694198674058256,28.122698624299176
688146.SH,2026-02-25,44.66,50.97,44.66,50.97,44.66,6.31,14.129,192824.37,936854.881,45.5335,43.0125,2026-02-25,68.03763920053504,0.46213956218361574,0.17051151307202722,0.583256098223177,45.5335,50.838005632007565,40.22899436799243,69.37895436588309,52.9224505713332,49.369511383649666
688146.SH,2026-02-26,48.65,49.5,47.82,49.28,50.97,-1.69,-3.3157,135228.75,657910.397,45.529,43.15383333333333,2026-02-26,61.85857926699831,0.7404976606536664,0.28450874258835507,0.9119778361306227,45.528999999999996,50.81993723664392,40.23806276335607,73.54809890915965,59.79766668394201,41.251296675652895
688146.SH,2026-02-27,48.89,49.2,47.61,48.59,49.28,-0.69,-1.4002,73423.83,355910.154,45.556,43.29583333333333,2026-02-27,59.48329675222048,0.8951030351170459,0.40662760109409324,0.9769508680459054,45.556,50.90628341600508,40.20571658399491,71.23870455561556,63.611345974499855,22.882075743347087
688146.SH,2026-03-02,48.96,49.48,48.15,48.59,48.59,0.0,0.0,89411.28,435298.744,45.5635,43.447,2026-03-02,59.48329675222048,1.0060319976155228,0.5265084803983792,0.9590470344342872,45.5635,50.93119783054151,40.19580216945849,69.6991083199195,65.64060008963973,12.175524690839325
688146.SH,2026-03-03,48.5,49.17,46.63,46.73,48.59,-1.86,-3.8279,92708.94,442226.75,45.5305,43.56733333333333,2026-03-03,53.107893934123936,0.9331013329335249,0.6078270509054083,0.6505485640562332,45.5305,50.85888861788045,40.202111382119554,59.97705865554238,63.75275294494061,-11.327082868194708
688146.SH,2026-03-04,46.06,47.44,44.9,45.23,46.73,-1.5,-3.2099,77750.38,358004.997,45.39,43.65016666666666,2026-03-04,48.58536772970283,0.7456701702005191,0.6353956747644305,0.22054899087217716,45.39,50.586326637762085,40.19367336223792,46.48306949172668,57.9961917938693,-34.53936690642786
688146.SH,2026-03-05,46.06,46.96,44.81,45.45,45.23,0.22,0.4864,65378.46,300925.755,45.24,43.729000000000006,2026-03-05,49.267741484265386,0.6078745849230813,0.6298914567961608,-0.04403374374615887,45.239999999999995,50.233650705488024,40.246349294511965,38.51559471491456,51.50265943421772,-38.96119415790946
688146.SH,2026-03-06,45.35,46.12,44.72,45.53,45.45,0.08,0.176,48952.19,223116.769,45.219,43.82133333333333,2026-03-06,49.530054839833355,0.49936950147298376,0.6037870657315254,-0.2088351285170833,45.219,50.203603241350734,40.23439675864927,32.99413631400809,45.333151727481166,-37.01704624041925
688146.SH,2026-03-09,45.08,45.1,42.9,44.14,45.53,-1.39,-3.0529,70398.72,308858.419,45.1655,43.898,2026-03-09,45.16080042630576,0.2977843847930117,0.5425865295438227,-0.48960428950162194,45.165499999999994,50.17342414185023,40.15757585814976,27.117941351015723,39.261414935326016,-36.430420752930885
688146.SH,2026-03-10,44.81,45.15,43.82,44.58,44.14,0.44,0.9968,58880.8,262042.256,45.2795,43.98866666666667,2026-03-10,46.761775777022685,0.17155348842218388,0.46837992131949496,-0.5936528657946222,45.2795,50.113556703280004,40.44544329671999,26.563476052192296,35.02876864094811,-25.395877766267446
688146.SH,2026-03-11,44.6,46.55,44.58,45.4,44.58,0.82,1.8394,72881.27,331960.829,45.383,44.082,2026-03-11,49.708464705414336,0.13611271789321222,0.40192648063423847,-0.5316275254820525,45.382999999999996,50.129150129592574,40.63684987040742,30.373624359009657,33.47705388030195,-9.310288563876881
688146.SH,2026-03-12,45.46,46.88,44.51,46.05,45.4,0.65,1.4317,106057.26,487007.129,45.566500000000005,44.17916666666667,2026-03-12,51.977492176445274,0.1586464422036329,0.35327047294811736,-0.38924806148896895,45.566500000000005,50.102940872476324,41.030059127523685,36.206529714517075,34.38687915837366,5.458951668430245
688146.SH,2026-03-13,46.51,47.68,44.65,45.85,46.05,-0.2,-0.4343,122281.48,560146.503,45.74400000000001,44.27816666666666,2026-03-13,51.21186598357161,0.15853871689466104,0.31432412173742613,-0.3115708096855302,45.74400000000001,50.012165635813226,41.47583436418679,39.820833738439354,36.19819735172889,10.86790916013139
688146.SH,2026-03-16,45.77,46.52,43.9,44.56,45.85,-1.29,-2.8135,103541.6,466289.063,45.871,44.357,2026-03-16,46.458402805356336,0.05374162479339617,0.26220762234862016,-0.416931995110448,45.870999999999995,49.81115709010908,41.93084290989091,38.12323364989404,36.839876117783945,3.8500725963302784
688146.SH,2026-03-17,44.61,44.63,42.2,42.2,44.56,-2.36,-5.2962,87986.49,378163.18,45.759,44.40466666666667,2026-03-17,39.27594402589846,-0.21723890747732355,0.16631831638343142,-0.7671144477215099,45.759,49.98724039549613,41.53075960450387,25.41548909992936,33.031747111832416,-22.84877403570917
688146.SH,2026-03-18,42.4,42.5,41.57,42.12,42.2,-0.08,-0.1896,48140.65,202107.166,45.6305,44.4435,2026-03-18,39.05552250891433,-0.4334517016213084,0.046364312782483444,-0.9596320288075837,45.6305,50.14223662445195,41.11876337554805,19.944204953689933,28.669233059118255,-26.175084316284966
688146.SH,2026-03-19,41.85,43.88,41.14,42.24,42.12,0.12,0.2849,87048.23,370481.632,45.5255,44.477,2026-03-19,39.603065461359506,-0.5883369198068067,-0.08057593373537458,-1.015521972142864,45.5255,50.256127976562055,40.79487202343795,18.902660590941103,25.413708903059202,-19.533144936354297
688146.SH,2026-03-20,41.9,44.15,41.5,41.66,42.24,-0.58,-1.3731,83559.75,357773.982,45.383500000000005,44.48016666666667,2026-03-20,37.8337913190145,-0.7492488494985068,-0.214310516888001,-1.0698766652210114,45.383500000000005,50.40527689248485,40.36172310751516,15.252130506091195,22.026516104069863,-20.323156793936008
688146.SH,2026-03-23,41.12,44.1,41.08,42.08,41.66,0.42,1.0082,112670.59,481258.892,45.2955,44.488166666666665,2026-03-23,39.92671637950773,-0.833276727752704,-0.33810375906094164,-0.9903459373835247,45.2955,50.48987945232506,40.10112054767493,15.218592054565846,19.75720808756852,-13.615848099008026
688146.SH,2026-03-24,42.14,42.5,40.08,41.11,42.08,-0.97,-2.3051,88701.53,362224.264,45.118,44.49483333333333,2026-03-24,36.84177464931351,-0.9669934217951308,-0.46388169160777953,-1.0062234603747027,45.118,50.636331555632985,39.59966844436702,14.663271896026357,18.059229357054466,-10.187872383084333
688146.SH,2026-03-25,40.8,41.94,40.75,41.18,41.11,0.07,0.1703,59524.55,245778.978,44.6285,44.50833333333333,2026-03-25,37.21875980555914,-1.0551532997851254,-0.5821360132432487,-0.9460345730837534,44.6285,49.67807851289538,39.57892148710462,14.600076000859682,16.906178238322873,-6.9183067123895725
688146.SH,2026-03-26,41.17,41.75,40.66,40.83,41.18,-0.35,-0.8499,50992.17,210025.643,44.206,44.51133333333333,2026-03-26,36.05978976433949,-1.1401201181557994,-0.6937328342257589,-0.8927745678600809,44.206,49.02566760155446,39.386332398445546,13.61537157821287,15.80924268495287,-6.581613320220008
688146.SH,2026-03-27,40.8,43.18,40.57,42.58,40.83,1.75,4.2861,67634.51,284507.686,43.9055,44.538,2026-03-27,45.241372538589616,-1.0540956012877416,-0.7658053876381555,-0.5765804272991721,43.9055,48.30543050184348,39.505569498156525,27.39193270049354,19.67013935679976,23.165380031081348
688146.SH,2026-03-30,42.6,44.0,42.26,43.84,42.58,1.26,2.9591,68641.78,296836.349,43.668,44.573166666666665,2026-03-30,50.72749293442635,-0.8741721695388378,-0.787478744018292,-0.17338685104109164,43.668,47.47626580231115,39.85973419768885,49.055719261426525,29.465332658342014,58.77115980925353
688146.SH,2026-03-31,43.2,43.59,42.5,42.56,43.84,-1.28,-2.9197,50706.84,217931.673,43.4595,44.58633333333333,2026-03-31,45.71664483046316,-0.8253527039858284,-0.7950535360117993,-0.06059833594805819,43.4595,47.009773377168514,39.90922662283148,53.015033152171355,37.31523282295179,47.0994009876587
688146.SH,2026-04-01,43.36,43.51,42.61,42.95,42.56,0.39,0.9164,31858.74,136593.313,43.3455,44.61016666666667,2026-04-01,47.42084559972679,-0.7465869950313504,-0.7853602278157096,0.07754646556871836,43.3455,46.80157306818469,39.889426931815315,58.84867894010444,44.493048195336,43.06689223430533
688146.SH,2026-04-02,42.53,43.68,42.26,42.68,42.95,-0.27,-0.6286,35447.46,152085.661,43.207,44.647333333333336,2026-04-02,46.336272060066406,-0.697906317132194,-0.7678694456790065,0.13992625709362505,43.207,46.52731767662134,39.886682323378665,60.79132493187724,49.92580710751641,32.59655347308251
688146.SH,2026-04-03,46.46,51.22,45.46,51.22,42.68,8.54,20.0094,304820.02,1496903.947,43.4915,44.83233333333333,2026-04-03,69.83583571059532,0.029440724721929712,-0.6084074115988193,1.275696272641498,43.4915,48.29411891274465,38.68888108725535,73.86088328791816,57.90416583431699,47.87015236080347
688146.SH,2026-04-07,51.98,54.5,50.98,53.27,51.22,2.05,4.0023,307307.51,1617768.034,43.948,45.04683333333334,2026-04-07,72.90327792223627,0.762496774895709,-0.33422657429991365,2.193446698391245,43.948,50.446422804601774,37.44957719539823,79.63063432403446,65.14632199755614,43.452936979434924
688146.SH,2026-04-08,52.81,54.47,50.7,54.47,53.27,1.2,2.2527,237179.78,1243912.237,44.4425,45.251666666666665,2026-04-08,74.53568743519682,1.4238655119276373,0.01739184294559659,2.8129473379640815,44.4425,52.46893756594419,36.41606243405582,86.34863537371619,72.2137597896095,42.40462675232007
688146.SH,2026-04-09,54.47,60.98,54.01,57.51,54.47,3.04,5.5811,237274.89,1373843.006,45.048,45.50066666666667,2026-04-09,78.13015867475238,2.1683126362469167,0.44757600160586064,3.4414732692821124,45.048,54.97958406827749,35.116415931722514,85.2319336265735,76.55315106859749,26.03634767392802
688146.SH,2026-04-10,58.66,62.74,58.66,60.45,57.51,2.94,5.1122,216085.44,1316245.751,45.768,45.76166666666667,2026-04-10,80.93325512961249,2.9613887292463943,0.9503385471339674,4.022100364224854,45.768,57.85864292400489,33.67735707599511,86.427408876049,79.844570337748,19.748515614903
688146.SH,2026-04-13,61.05,64.67,59.8,60.83,60.45,0.38,0.6286,200703.93,1229077.995,46.517,46.01716666666666,2026-04-13,81.26745792365938,3.5793100131719484,1.4761328403415637,4.2063543456607695,46.516999999999996,60.35827633299458,32.675723667005414,85.23987008514823,81.6430035868814,10.79059949480046
688146.SH,2026-04-14,60.84,62.42,59.2,61.11,60.83,0.28,0.4603,155177.5,947445.396,47.3445,46.29133333333333,2026-04-14,81.52443265615533,4.044982699858103,1.9899028122448716,4.110159775226463,47.3445,62.59980171862608,32.08919828137391,84.86465829564693,82.71688848980324,6.443309417531083
688146.SH,2026-04-15,61.8,62.41,59.7,60.14,61.11,-0.97,-1.5873,137164.48,831671.464,48.2415,46.539,2026-04-15,77.55523079119911,4.2863503865796275,2.449192327111823,3.674316118935609,48.241499999999995,64.31113042839702,32.17186957160297,83.17170883252857,82.86849527071168,0.909640685450654
688146.SH,2026-04-16,60.0,66.0,58.12,63.51,60.14,3.37,5.6036,203479.84,1286379.193,49.31099999999999,46.87116666666667,2026-04-16,81.01379887015227,4.695440735018671,2.898442008693193,3.5939974526509566,49.31099999999999,66.4751277086836,32.146872291316384,84.740243408638,83.49241131668711,3.7434962758526638
688146.SH,2026-04-17,64.06,66.52,63.25,64.31,63.51,0.8,1.2596,162058.13,1048480.057,50.4145,47.220333333333336,2026-04-17,81.73338698619963,5.0262614839664295,3.3240059037478407,3.4045111604371776,50.414500000000004,68.47872049536774,32.35027950463227,85.17027605245062,84.0516995619416,3.3557294715270416
688146.SH,2026-04-20,67.8,69.45,65.09,67.57,64.31,3.26,5.0692,199436.49,1337492.688,51.71,47.5955,2026-04-20,84.33831993801826,5.4882291763446815,3.7568505582672094,3.4627572361549444,51.71,70.8169279251491,32.6030720748509,86.77129514607817,84.95823142332046,5.439191168273169
688146.SH,2026-04-21,66.41,71.08,63.01,69.3,67.57,1.73,2.5603,271206.62,1833958.712,53.071000000000005,47.97266666666667,2026-04-21,85.51854267377671,5.9256314518393935,4.190606736981646,3.4700494297154947,53.071000000000005,73.14313087578739,32.99886912421262,87.70497981423762,85.87381422029284,5.493496781834324
688146.SH,2026-04-22,69.3,74.07,66.16,70.1,69.3,0.8,1.1544,257129.24,1773025.749,54.520500000000006,48.33116666666667,2026-04-22,86.04234410781879,6.264614642590637,4.605408318103445,3.318412648974384,54.520500000000006,75.13541486125622,33.90558513874379,83.50655916560459,85.08472920206341,-4.734510109376487
688146.SH,2026-04-23,71.04,73.74,69.9,70.81,70.1,0.71,1.0128,210332.3,1497820.781,56.002,48.72133333333333,2026-04-23,86.50874545451802,6.515446320329183,4.987415918548592,3.0560608035611807,56.001999999999995,76.83775833184764,35.16624166815235,82.191415619285,84.12029134113726,-5.7866271655568084
688146.SH,2026-04-24,72.49,78.92,71.2,73.08,70.81,2.27,3.2058,253079.15,1877051.562,57.6145,49.1165,2026-04-24,87.9007997221932,6.818799386131978,5.353692612065269,2.930213548133418,57.6145,78.49802306938354,36.730976930616464,78.76863605388229,82.3364062453856,-10.703310574509942
688146.SH,2026-04-27,73.5,78.5,71.17,71.4,73.08,-1.68,-2.2989,275625.35,2042034.185,59.05550000000001,49.50566666666666,2026-04-27,81.22132930592375,6.844744957503039,5.651903081152824,2.38568375270043,59.05550000000001,79.5445291311434,38.56647086885661,73.79447531797283,79.489095936248,-17.08386185482553
688146.SH,2026-04-28,71.9,76.39,69.65,74.02,71.4,2.62,3.6695,259457.98,1894261.235,60.5645,49.932,2026-04-28,83.34666317601315,6.996072741825067,5.9207370132872725,2.150671457075589,60.564499999999995,80.77879767581146,40.35020232418854,74.67708610941776,77.88509266063792,-9.624019653660497
688146.SH,2026-04-29,73.46,79.65,72.8,76.11,74.02,2.09,2.8236,190375.04,1458899.397,62.242,50.41066666666666,2026-04-29,84.82235721384282,7.201630718238896,6.176915754277598,2.0494299279225956,62.242,81.72022060391394,42.76377939608605,76.02671125243234,77.26563219123605,-3.7167628164111477
688146.SH,2026-04-30,79.38,87.77,78.34,80.35,76.11,4.24,5.5709,269395.0,2197853.489,64.112,50.94916666666666,2026-04-30,87.28411776321519,7.6188441673581195,6.465301436893703,2.3070854609288336,64.112,82.96285797293561,45.26114202706437,74.02857756085687,76.18661398110966,-6.474109260758382
688146.SH,2026-05-06,82.0,82.5,76.81,77.25,80.35,-3.1,-3.8581,275850.96,2172294.3,65.84049999999999,51.42916666666667,2026-05-06,77.39949442323487,7.611602919034347,6.694561733321832,1.8340823714250298,65.84049999999999,82.64562262126611,49.03537737873387,68.52309047945116,73.63210614722348,-15.327047003316977
688146.SH,2026-05-07,76.2,80.06,75.1,78.0,77.25,0.75,0.9709,199076.38,1552429.631,67.1795,51.96333333333333,2026-05-07,78.04723105363573,7.579016722552353,6.8714527311679365,1.4151279827688334,67.1795,83.33462755492171,51.0243724450783,63.94521009597222,70.4031407968064,-19.373792102502534
688146.SH,2026-05-08,77.17,81.8,77.17,79.84,78.0,1.84,2.359,169422.89,1356125.559,68.508,52.5405,2026-05-08,79.59252406085483,7.6138962925729885,7.019941443448948,1.187909698248081,68.508,84.21056110521971,52.80543889478027,61.37554109415073,67.39394089592116,-18.0551994053113
688146.SH,2026-05-11,82.6,95.81,81.13,95.81,79.84,15.97,20.0025,278903.02,2521595.179,70.575,53.43233333333333,2026-05-11,87.69114379666958,8.82841565606411,7.381636285971981,2.8935587401842575,70.575,89.12276763415284,52.02723236584716,74.25036072943381,69.67941417375872,13.712839667025293
688146.SH,2026-05-12,100.6,101.9,95.08,98.0,95.81,2.19,2.2858,266510.91,2606373.26,72.59949999999999,54.3435,2026-05-12,88.37258556349789,9.854054295197457,7.876119887817076,3.9558688147607626,72.59949999999999,93.7931330806659,51.40586691933409,78.80256606768454,72.72046480506732,18.246303787851616
688146.SH,2026-05-13,97.65,117.6,94.65,117.6,98.0,19.6,20.0,297233.44,3076460.195,75.45700000000001,55.597166666666666,2026-05-13,92.41817281281975,12.108853180043283,8.722666546262317,6.772373267561932,75.45700000000001,103.91818842065086,46.99581157934915,85.86837737845636,77.10310232953033,26.2958251467781
688146.SH,2026-05-14,132.0,141.12,131.71,141.12,117.6,23.52,20.0,269662.14,3767654.583,79.47149999999999,57.24416666666666,2026-05-14,94.76985294065761,15.613680190335089,10.100869275076871,11.025621830516435,79.47149999999999,119.53209267239014,39.41090732760985,90.57891825230423,81.59504097045496,26.951631845547837
688146.SH,2026-05-15,139.53,151.0,136.9,145.55,141.12,4.43,3.1392,324993.84,4704174.712,83.6935,58.96966666666666,2026-05-15,95.07943141105676,18.53508391417813,11.787712202897124,13.494743422562014,83.6935,132.45880357366372,34.92819642633627,91.32577861528232,84.83862018539742,19.461475289654686
688146.SH,2026-05-18,141.36,147.64,131.0,135.9,145.55,-9.65,-6.63,230016.2,3173965.449,87.4815,60.494,2026-05-18,83.48677872500541,19.842906388252572,13.398751039968214,12.888310696568716,87.4815,140.1563374063886,34.80666259361141,87.5856530250323,85.75429779860904,5.494065679269795
688146.SH,2026-05-19,131.5,134.88,118.4,126.13,135.9,-9.77,-7.1891,209328.31,2621253.779,90.6125,61.851333333333336,2026-05-19,73.69052881877444,19.86205041907155,14.691410915788882,10.341279006565337,90.6125,144.71288111549774,36.51211888450224,80.80150254369742,84.10336604697183,-9.905590509823242
688146.SH,2026-05-20,126.48,149.49,124.68,141.58,126.13,15.45,12.2493,247850.1,3351181.465,94.476,63.472,2026-05-20,78.0723348197409,20.88317978317106,15.929764689265319,9.90683018781148,94.476,151.61825145242906,37.33374854757093,82.94798801572243,83.71824003655536,-2.310756062498797
688146.SH,2026-05-21,140.0,141.11,127.51,127.87,141.58,-13.71,-9.6836,179804.23,2415205.517,97.491,64.8615,2026-05-21,67.35249343178512,20.35154974326987,16.81412170006623,7.07485608640728,97.49100000000001,155.0177391923553,39.96426080764474,77.59721313542795,81.67789773617955,-12.242053802254787
688146.SH,2026-05-22,129.3,135.88,129.3,130.72,127.87,2.85,2.2288,139768.65,1846904.087,100.562,66.3095,2026-05-22,68.32610288564902,19.93045441578866,17.437388243210716,4.986132345155887,100.562,158.30938147629226,42.814618523707736,73.06835800273723,78.80805115836543,-17.219079466884608
688146.SH,2026-05-25,131.0,135.8,122.0,134.33,130.72,3.61,2.7616,183330.02,2369177.599,103.77349999999998,67.804,2026-05-25,69.56423232479099,19.66138594649952,17.882187783868478,3.5583963252620876,103.77349999999998,161.53194445893422,46.01505554106575,72.18458412841458,76.60022881504847,-13.246934059901662
688146.SH,2026-05-26,131.1,143.88,128.0,142.0,134.33,7.67,5.7098,167082.08,2315535.39,107.333,69.32116666666666,2026-05-26,72.06295396038853,19.83836779025873,18.27342378514653,3.1298880102243984,107.333,165.31203835371068,49.353961646289314,72.253935431213,75.15146435376997,-8.692586767670917
688146.SH,2026-05-27,144.0,165.47,139.0,155.0,142.0,13.0,9.1549,196033.8,3007315.83,111.429,71.08316666666666,2026-05-27,75.70381697462282,20.787987550579956,18.776336538233217,4.0233020246934785,111.429,170.77771573123863,52.08028426876138,74.08813456196013,74.79702108983335,-2.12665958361967
688146.SH,2026-05-28,154.0,175.38,154.0,174.66,155.0,19.66,12.6839,160523.75,2706086.186,116.592,73.18433333333333,2026-05-28,79.95778658033818,22.863410581594266,19.593751346905428,6.539318469377676,116.59200000000001,179.15731731339912,54.026682686600914,82.30422262010633,77.29942159992433,15.014403060546016
688146.SH,2026-05-29,182.0,182.5,164.01,174.66,174.66,0.0,0.0,159837.5,2779463.848,121.624,75.2855,2026-05-29,79.95778658033818,24.22890257932235,20.52078159338881,7.4162419718670805,121.624,185.93670134028122,57.31129865971876,84.12585200154774,79.57489840046546,13.652860803246853
688146.SH,2026-06-01,185.1,198.66,166.31,169.99,174.66,-4.67,-2.6738,206601.89,3854712.284,126.31799999999998,77.33983333333335,2026-06-01,76.27851944847617,24.650084029629824,21.346642080637015,6.606883897985618,126.31799999999998,190.3470393329053,62.28896066709467,76.95093325018394,78.70024335037161,-5.247930300563013
688146.SH,2026-06-02,173.39,196.58,173.39,192.0,169.99,22.01,12.9478,232035.12,4268286.89,131.90050000000002,79.786,2026-06-02,80.76981692973186,26.454940333664126,22.36830173124244,8.173277204843373,131.90050000000002,198.47288544780056,65.32811455219948,81.73805150847117,79.71284606973812,6.075616316199159
688146.SH,2026-06-03,192.0,201.99,178.77,182.66,192.0,-9.34,-4.8646,260398.0,4844921.73,137.171,82.07283333333334,2026-06-03,74.3377444906364,26.822449513934146,23.259131287780782,7.126636452306727,137.171,202.19848921559412,72.14351078440588,79.77019410895203,79.73196208280942,0.11469607842784058
688146.SH,2026-06-04,199.59,219.19,193.9,219.19,182.66,36.53,19.9989,200212.58,4226903.906,144.2305,84.96716666666666,2026-06-04,80.78338629874636,29.718789190625102,24.551062868349646,10.335452644550912,144.2305,212.77154647274466,75.68945352725534,86.51346273930135,81.99246230164006,13.563001312983829
688146.SH,2026-06-05,229.0,243.03,219.14,231.11,219.19,11.92,5.4382,254625.85,5885463.711,151.79399999999998,88.08333333333333,2026-06-05,82.34195261916801,32.60020871862369,26.16089203840446,12.878633360438464,151.79399999999998,223.7189416954559,79.86905830454405,87.55480378395106,83.84657612907705,11.124682964622025
688146.SH,2026-06-08,231.0,265.5,230.68,252.18,231.11,21.07,9.1169,248539.27,6270519.088,159.6125,91.54333333333334,2026-06-08,84.70357912929128,36.16701651157277,28.16211693303812,16.009799157069295,159.6125,239.4719143347842,79.75308566521582,88.19332109970914,85.29549111928775,8.693489941264204
688146.SH,2026-06-09,247.0,262.96,239.99,250.82,252.18,-1.36,-0.5393,178017.66,4467261.472,167.25349999999997,94.967,2026-06-09,83.9233709241121,38.44087428084541,30.217868402599578,16.446011756491657,167.25349999999997,251.41907497919763,83.08792502080232,87.74024097230236,86.11040773695927,4.889499706029255
688146.SH,2026-06-10,263.0,298.9,263.0,292.0,250.82,41.18,16.4181,177006.9,4995813.347,175.9735,99.06616666666667,2026-06-10,87.63677784200853,43.069328381775875,32.78816039843484,20.56233596668207,175.9735,273.5479900387175,78.39900996128249,90.1217342760959,87.44751658333814,8.022653078273265
688146.SH,2026-06-11,308.06,349.8,289.0,349.8,292.0,57.8,19.7945,209791.63,6724663.037,186.4075,104.132,2026-06-11,90.83624250367862,50.815617738553016,36.39365186645848,28.843931744189078,186.4075,309.5652753811837,63.24972461881629,93.41448951739727,89.43650756135784,11.933945868118315
688146.SH,2026-06-12,327.0,336.93,279.88,302.0,349.8,-47.8,-13.665,284423.17,8786424.759,194.23,108.42266666666669,2026-06-12,73.82188619178143,52.49244708943479,39.61341091105374,25.7580723567621,194.23,326.0318364219957,62.42816357800427,86.57766980618655,88.4835616429674,-5.717675510342588
688146.SH,2026-06-15,310.0,318.92,280.04,318.3,302.0,16.3,5.3974,203329.69,6207388.019,203.35,113.02433333333336,2026-06-15,75.50668599743896,54.50828265392127,42.59238525962725,23.83179478858804,203.35,343.156766947135,63.54323305286499,84.91250605917904,87.2932097817046,-7.142111167576701
688146.SH,2026-06-16,326.0,365.0,318.5,323.0,318.3,4.7,1.4766,232169.93,7990662.228,213.1935,117.70566666666669,2026-06-16,75.98659471600594,55.84139276679332,45.242186761060466,21.198412011465706,213.1935,357.74979510223415,68.63720489776586,81.75932120290486,85.44858025543802,-11.067777157599494
688146.SH,2026-06-17,310.0,340.0,300.33,339.7,322.8,16.9,5.2354,187376.56,6091782.381,223.09950000000003,122.66333333333334,2026-06-17,77.66142158032986,57.58167684078947,47.71008477700627,19.743184127566394,223.09950000000003,374.0064466469844,72.19255335301571,82.05774756915628,84.3183026933441,-6.781665372563452
688146.SH,2026-06-18,332.0,365.0,323.36,364.0,339.7,24.3,7.1534,156310.03,5364485.787,234.90600000000003,128.03566666666669,2026-06-18,79.86232041257452,60.22740736211648,50.21354929402832,20.027716136176323,234.90600000000003,391.29130721132003,78.52069278868007,87.79033478999935,85.47564672556251,6.94406419331051
688146.SH,2026-06-22,368.0,399.5,366.0,389.99,364.0,25.99,7.1401,175440.98,6728036.479,247.8695,133.83416666666668,2026-06-22,81.91468840443582,63.687197287804395,52.90827889278354,21.557836790041705,247.86950000000002,410.74045847552696,84.99854152447307,89.87288697616783,86.94139347576429,8.794480501210671
688146.SH,2026-06-26,406.5,416.99,370.0,385.6,389.99,-4.39,-1.1257,182663.99,7283403.467,260.433,139.57566666666668,2026-06-26,80.42370500824248,65.32187945422314,55.390999005071464,19.861760898303345,260.433,425.1813888396579,95.68461116034206,86.45377780141604,86.7788549176482,-0.9752313486964681
688146.SH,2026-06-29,365.15,393.0,312.19,370.0,385.6,-15.6,-4.0456,216062.62,7693776.286,271.833,145.056,2026-06-29,75.18654420450886,64.61376001817825,57.23555120769282,14.756417620970865,271.83299999999997,433.602167721365,110.06383227863495,79.54526766514552,84.36765916681398,-14.467174505005374
