ts_code,trade_date,open,high,low,close,pre_close,change,pct_chg,vol,amount,ma20,ma60,upper_channel,lower_channel,mid_channel,tr,atr,signal,position,entry_price,stop_loss,trade_type,daily_return,strategy_return,strategy_nav,buy_hold_nav
688146.SH,2025-06-30,28.43,29.29,28.35,28.91,28.38,0.53,1.8675,46738.08,134974.877,,,,,,0.9399999999999977,,0,0,,,,,,,
688146.SH,2025-07-01,28.91,30.6,28.71,30.08,28.91,1.17,4.047,112599.0,337277.121,,,,,,1.8900000000000006,,0,0,,,,0.040470425458318804,0.0,1.0,1.0404704254583188
688146.SH,2025-07-02,30.07,30.26,29.4,29.56,30.08,-0.52,-1.7287,65112.58,193570.655,,,,,,0.860000000000003,,0,0,,,,-0.017287234042553168,-0.0,1.0,1.022483569699066
688146.SH,2025-07-03,29.34,29.71,29.21,29.33,29.39,-0.06,-0.2042,41440.14,121794.764,,,,,,0.5,,0,0,,,,-0.00778078484438427,-0.0,1.0,1.0145278450363195
688146.SH,2025-07-04,29.35,29.45,28.74,28.81,29.33,-0.52,-1.7729,46680.62,135020.909,,,,,,0.7100000000000009,,0,0,,,,-0.01772928741902491,-0.0,1.0,0.9965409892770667
688146.SH,2025-07-07,28.68,30.29,28.6,29.65,28.81,0.84,2.9157,81439.32,240505.789,,,,,,1.6899999999999977,,0,0,,,,0.029156542867060153,0.0,1.0,1.025596679349706
688146.SH,2025-07-08,29.39,29.9,29.16,29.64,29.65,-0.01,-0.0337,57009.36,168644.457,,,,,,0.7399999999999984,,0,0,,,,-0.00033726812816181617,-0.0,1.0,1.0252507782774127
688146.SH,2025-07-09,29.62,29.73,29.12,29.22,29.64,-0.42,-1.417,44001.52,129262.388,,,,,,0.6099999999999994,,0,0,,,,-0.014170040485830038,-0.0,1.0,1.010722933241093
688146.SH,2025-07-10,29.22,29.29,29.0,29.19,29.22,-0.03,-0.1027,33198.67,96713.388,,,,,,0.28999999999999915,,0,0,,,,-0.0010266940451744144,-0.0,1.0,1.0096852300242132
688146.SH,2025-07-11,29.1,29.69,29.02,29.48,29.19,0.29,0.9935,47778.02,140478.716,,,,,,0.6700000000000017,,0,0,,,,0.009934909215484788,0.0,1.0,1.0197163611207196
688146.SH,2025-07-14,29.39,30.08,29.39,29.75,29.48,0.27,0.9159,52754.55,157108.132,,,,28.35,,0.6899999999999977,,0,0,,,,0.00915875169606517,0.0,1.0,1.0290556900726393
688146.SH,2025-07-15,29.79,29.94,29.26,29.45,29.75,-0.3,-1.0084,37978.95,112188.516,,,,28.6,,0.6799999999999997,,0,0,,,,-0.010084033613445453,-0.0,1.0,1.0186786579038396
688146.SH,2025-07-16,29.6,29.92,29.45,29.56,29.45,0.11,0.3735,33636.34,99854.063,,,,28.6,,0.4700000000000024,,0,0,,,,0.0037351443123938566,0.0,1.0,1.0224835696990662
688146.SH,2025-07-17,29.43,29.95,29.43,29.88,29.56,0.32,1.0825,34297.12,101975.986,,,,28.6,,0.5199999999999996,0.8042857142857142,0,0,,,,0.010825439783491264,0.0,1.0,1.0335524040124526
688146.SH,2025-07-18,30.0,30.1,29.72,29.89,29.88,0.01,0.0335,30418.71,90782.103,,,,28.6,,0.38000000000000256,0.7642857142857145,0,0,,,,0.00033467202141901353,0.0,1.0,1.033898305084746
688146.SH,2025-07-21,30.0,30.16,29.81,30.02,29.89,0.13,0.4349,36802.09,110362.601,,,,28.6,,0.3500000000000014,0.6542857142857146,0,0,,,,0.004349280695884916,0.0,1.0,1.0383950190245592
688146.SH,2025-07-22,29.94,30.35,29.87,30.03,30.02,0.01,0.0333,47383.73,142370.486,,,,29.0,,0.4800000000000004,0.6271428571428572,0,0,,,,0.00033311125916068995,0.0,1.0,1.0387409200968527
688146.SH,2025-07-23,30.03,30.05,29.63,29.72,30.03,-0.31,-1.0323,43713.12,130479.134,,,,29.0,,0.4200000000000017,0.6214285714285717,0,0,,,,-0.010323010323010418,-0.0,1.0,1.0280179868557595
688146.SH,2025-07-24,29.64,30.09,29.64,30.09,29.72,0.37,1.245,44566.56,133582.386,,,,29.0,,0.4499999999999993,0.602857142857143,0,0,,,,0.012449528936743004,0.0,1.0,1.0408163265306125
688146.SH,2025-07-25,30.18,30.59,30.02,30.39,30.09,0.3,0.997,45317.39,137071.932,29.6325,,,29.02,,0.5700000000000003,0.5228571428571431,0,0,,,,0.009970089730807707,0.0,1.0,1.0511933586994124
688146.SH,2025-07-28,30.39,30.51,30.17,30.33,30.39,-0.06,-0.1974,35719.48,108434.45,29.7035,,30.6,29.26,29.93,0.33999999999999986,0.49428571428571466,0,0,,,,-0.001974333662388972,-0.0,1.0,1.0491179522656524
688146.SH,2025-07-29,30.38,30.6,30.17,30.42,30.33,0.09,0.2967,40875.43,124173.345,29.7205,,30.6,29.26,29.93,0.4299999999999997,0.4814285714285718,0,0,,,,0.0029673590504453173,0.0,1.0,1.0522310619162925
688146.SH,2025-07-30,30.4,30.91,30.0,30.33,30.42,-0.09,-0.2959,45851.62,139626.576,29.759000000000004,,30.6,29.43,30.015,0.9100000000000001,0.5257142857142861,0,0,,,,-0.002958579881656931,-0.0,1.0,1.0491179522656524
688146.SH,2025-07-31,30.1,30.36,29.51,29.67,30.33,-0.66,-2.1761,54543.54,163231.396,29.776,,30.91,29.43,30.17,0.8499999999999979,0.5385714285714288,0,0,,,,-0.021760633036597365,-0.0,1.0,1.026288481494293
688146.SH,2025-08-01,29.53,30.0,29.53,29.71,29.67,0.04,0.1348,28296.92,84189.229,29.821000000000005,,30.91,29.51,30.21,0.46999999999999886,0.5228571428571431,0,0,,,,0.0013481631277383332,0.0,1.0,1.0276720857834662
688146.SH,2025-08-04,29.68,30.5,29.54,30.33,29.71,0.62,2.0868,33535.47,100931.967,29.855,,30.91,29.51,30.21,0.9600000000000009,0.5428571428571433,0,0,,,,0.020868394479973018,0.0,1.0,1.0491179522656522
688146.SH,2025-08-05,30.41,30.57,30.31,30.45,30.33,0.12,0.3956,32490.32,98860.034,29.8955,,30.91,29.51,30.21,0.26000000000000156,0.5278571428571431,0,0,,,,0.003956478733926794,0.0,1.0,1.053268765133172
688146.SH,2025-08-06,31.68,34.56,31.31,32.95,30.45,2.5,8.2102,187349.73,616912.82,30.082,,30.91,29.51,30.21,4.110000000000003,0.7842857142857148,1,1,32.95,31.38142857142857,买入,0.0821018062397374,0.0,1.0,1.1397440332065032
688146.SH,2025-08-07,32.95,33.39,32.32,32.4,32.95,-0.55,-1.6692,110147.07,359239.607,30.2425,,34.56,29.51,32.035000000000004,1.0700000000000003,0.833571428571429,0,1,32.95,31.38142857142857,,-0.016691957511380973,-0.016691957511380973,0.983308042488619,1.1207194742303703
688146.SH,2025-08-08,33.8,36.2,33.8,34.77,32.4,2.37,7.3148,223131.76,780612.336,30.507,,34.56,29.51,32.035000000000004,3.8000000000000043,1.0800000000000005,0,1,32.95,32.61,,0.07314814814814818,0.07314814814814818,1.0552352048558422,1.2026980283638882
688146.SH,2025-08-11,36.48,37.88,34.86,35.19,34.77,0.42,1.2079,216056.9,772644.157,30.779,,36.2,29.51,32.855000000000004,3.1099999999999994,1.2678571428571435,0,1,32.95,32.65428571428571,,0.012079378774805694,0.012079378774805694,1.0679817905918056,1.2172258734002075
688146.SH,2025-08-12,36.0,37.98,34.7,37.38,35.19,2.19,6.2234,232888.7,842635.298,31.1755,,37.88,29.51,33.695,3.279999999999994,1.4721428571428572,0,1,32.95,34.43571428571429,,0.06223358908780918,0.06223358908780918,1.1344461305007587,1.2929782082324457
688146.SH,2025-08-13,41.43,44.86,41.43,44.86,37.38,7.48,20.0107,310402.4,1375669.241,31.9405,,37.98,29.51,33.745,7.479999999999997,1.974285714285714,0,1,32.95,40.91142857142857,,0.20010700909577306,0.20010700909577306,1.3614567526555386,1.551712210307852
688146.SH,2025-08-14,46.62,46.62,40.63,40.63,44.86,-4.23,-9.4293,381063.09,1601051.25,32.477999999999994,,44.86,29.51,37.185,5.989999999999995,2.3614285714285708,-1,0,,,止损卖出,-0.09429335711101194,-0.09429335711101194,1.2330804248861913,1.4053960567277761
688146.SH,2025-08-15,40.02,42.5,39.51,41.94,40.63,1.31,3.2242,253717.4,1054813.277,33.0805,,46.62,29.53,38.075,2.990000000000002,2.5507142857142853,0,0,,,,0.03224218557715952,0.0,1.2330804248861913,1.4507090971982013
688146.SH,2025-08-18,41.56,41.8,39.26,40.44,41.94,-1.5,-3.5765,229649.69,925276.528,33.6015,,46.62,29.54,38.08,2.6799999999999997,2.711428571428571,0,0,,,,-0.03576537911301858,-0.0,1.2330804248861913,1.3988239363542028
688146.SH,2025-08-19,40.08,41.51,39.58,39.58,40.44,-0.86,-2.1266,142838.74,576020.38,34.07899999999999,,46.62,30.31,38.464999999999996,1.9299999999999997,2.7842857142857134,0,0,,,,-0.021266073194856516,-0.0,1.2330804248861913,1.369076444136977
688146.SH,2025-08-20,39.1,40.48,38.49,40.28,39.58,0.7,1.7686,132672.16,521980.418,34.607,,46.62,31.31,38.964999999999996,1.9899999999999949,2.865714285714285,0,0,,,,0.017685699848408287,0.0,1.2330804248861913,1.3932895191975097
688146.SH,2025-08-21,40.28,40.58,39.46,39.65,40.28,-0.63,-1.5641,87897.13,350641.346,35.085,,46.62,32.32,39.47,1.1199999999999974,2.912142857142857,0,0,,,,-0.01564051638530295,-0.0,1.2330804248861913,1.3714977516430302
688146.SH,2025-08-22,39.55,42.58,39.55,41.45,39.65,1.8,4.5397,151156.3,622911.332,35.638,,46.62,33.8,40.209999999999994,3.030000000000001,3.059999999999999,0,0,,,,0.04539722572509475,0.0,1.2330804248861913,1.433759944655829
688146.SH,2025-08-25,42.0,44.1,41.72,41.94,41.45,0.49,1.1821,196712.83,842766.942,36.2185,,46.62,34.7,40.66,2.6499999999999986,3.230714285714285,0,0,,,,0.011821471652593285,0.0,1.2330804248861913,1.4507090971982015
688146.SH,2025-08-26,42.1,43.19,40.92,42.36,41.94,0.42,1.0014,106175.72,445302.745,36.8155,,46.62,34.7,40.66,2.269999999999996,3.0992857142857133,0,0,,,,0.010014306151645336,0.0,1.2330804248861913,1.4652369422345213
688146.SH,2025-08-27,42.32,44.56,41.93,42.0,42.36,-0.36,-0.8499,134995.18,586227.483,37.399,,46.62,38.49,42.555,2.6300000000000026,3.210714285714284,0,0,,,,-0.008498583569405138,-0.0,1.2330804248861913,1.4527845036319615
688146.SH,2025-08-28,42.29,43.5,41.95,43.18,42.0,1.18,2.8095,118864.63,507755.15,38.0745,,46.62,38.49,42.555,1.5499999999999972,3.049999999999998,0,0,,,,0.028095238095238173,0.0,1.2330804248861913,1.4936008301625738
688146.SH,2025-08-29,43.18,43.2,41.59,42.81,43.18,-0.37,-0.8569,105165.25,444983.532,38.7295,,46.62,38.49,42.555,1.6099999999999994,2.942857142857141,0,0,,,,-0.008568781843446005,-0.0,1.2330804248861913,1.4808024904877208
688146.SH,2025-09-01,42.8,44.0,42.35,43.3,42.81,0.49,1.1446,85525.7,368810.987,39.378,,46.62,38.49,42.555,1.6499999999999986,2.8264285714285697,0,0,,,,0.011445923849567663,0.0,1.2330804248861913,1.4977516430300934
688146.SH,2025-09-02,42.78,43.29,40.11,40.55,43.3,-2.75,-6.351,132014.76,541685.213,39.883,,46.62,38.49,42.555,3.1899999999999977,2.519999999999999,0,0,,,,-0.06351039260969982,-0.0,1.2330804248861913,1.4026288481494293
688146.SH,2025-09-03,40.81,41.91,39.96,40.81,40.55,0.26,0.6412,86842.08,355332.5,40.276,,46.62,38.49,42.555,1.9499999999999957,2.23142857142857,0,0,,,,0.006411837237978002,0.0,1.2330804248861913,1.411622276029056
688146.SH,2025-09-04,40.79,41.28,38.35,38.89,40.81,-1.92,-4.7047,79548.98,316374.855,40.6005,,46.62,39.46,43.04,2.9299999999999997,2.2271428571428555,0,0,,,,-0.04704729233031124,-0.0,1.2330804248861913,1.3452092701487377
688146.SH,2025-09-05,39.09,39.93,38.88,39.74,38.89,0.85,2.1857,43812.94,173274.156,40.849,,46.62,38.35,42.485,1.0499999999999972,2.110714285714284,0,0,,,,0.021856518385189094,0.0,1.2330804248861913,1.3746108612936705
688146.SH,2025-09-08,39.99,40.73,38.98,40.53,39.74,0.79,1.9879,57921.54,229654.743,41.116,,46.62,38.35,42.485,1.75,2.097857142857141,0,0,,,,0.019879214896829422,0.0,1.2330804248861913,1.4019370460048433
688146.SH,2025-09-09,40.33,40.49,38.81,38.91,40.53,-1.62,-3.997,45684.82,179935.297,41.1925,,46.62,38.35,42.485,1.7199999999999989,2.078571428571427,0,0,,,,-0.039970392301998614,-0.0,1.2330804248861913,1.3459010722933247
688146.SH,2025-09-10,39.17,39.71,38.83,39.31,38.91,0.4,1.028,40606.7,159619.372,40.915000000000006,,46.62,38.35,42.485,0.8800000000000026,2.0614285714285705,0,0,,,,0.010280133641737521,0.0,1.2330804248861913,1.359737115185058
688146.SH,2025-09-11,39.03,40.55,39.03,40.25,39.31,0.94,2.3912,45413.73,181053.778,40.896,,46.62,38.35,42.485,1.519999999999996,1.9535714285714272,0,0,,,,0.023912490460442637,0.0,1.2330804248861913,1.3922518159806303
688146.SH,2025-09-12,40.29,41.33,40.0,40.33,40.25,0.08,0.1988,54906.55,223255.394,40.8155,,44.56,38.35,41.455,1.3299999999999983,1.8592857142857129,0,0,,,,0.0019875776397515477,0.0,1.2330804248861913,1.3950190245589769
688146.SH,2025-09-15,40.51,40.98,39.89,40.35,40.33,0.02,0.0496,44453.19,179667.413,40.81099999999999,,44.56,38.35,41.455,1.0899999999999963,1.7749999999999986,0,0,,,,0.0004959087527895978,0.0,1.2330804248861913,1.3957108267035636
688146.SH,2025-09-16,40.66,41.64,40.01,41.3,40.35,0.95,2.3544,55159.3,226377.578,40.897000000000006,,44.56,38.35,41.455,1.6300000000000026,1.7035714285714272,0,0,,,,0.023543990086740907,0.0,1.2330804248861913,1.4285714285714293
688146.SH,2025-09-17,41.17,42.4,41.0,42.21,41.3,0.91,2.2034,70238.52,293900.064,40.9935,,44.56,38.35,41.455,1.3999999999999986,1.6928571428571415,0,0,,,,0.02203389830508473,0.0,1.2330804248861913,1.4600484261501216
688146.SH,2025-09-18,41.79,43.5,41.5,42.09,42.21,-0.12,-0.2843,87792.64,373118.984,41.1155,,44.56,38.35,41.455,2.0,1.7207142857142845,0,0,,,,-0.002842928216062468,-0.0,1.2330804248861913,1.4558976132826018
688146.SH,2025-09-19,41.96,44.98,41.8,43.06,42.09,0.97,2.3046,102823.2,447355.819,41.196000000000005,35.48883333333333,44.56,38.81,41.685,3.1799999999999997,1.8299999999999987,0,0,,,,0.023045854122119236,0.0,1.2330804248861913,1.4894500172950542
688146.SH,2025-09-22,43.22,43.8,41.9,42.27,43.06,-0.79,-1.8346,68310.31,290404.936,41.2125,35.7115,44.98,38.81,41.894999999999996,1.8999999999999986,1.7378571428571417,0,0,,,,-0.018346493265211317,-0.0,1.2330804248861913,1.4621238325838817
688146.SH,2025-09-23,42.55,43.88,40.52,43.46,42.27,1.19,2.8152,68586.46,287323.94,41.2675,35.9345,44.98,38.81,41.894999999999996,3.3599999999999994,1.8385714285714276,0,0,,,,0.02815235391530635,0.0,1.2330804248861913,1.5032860601867872
688146.SH,2025-09-24,42.89,46.8,42.7,45.93,43.46,2.47,5.6834,133179.32,599640.955,41.464,36.20733333333333,44.98,38.83,41.905,4.099999999999994,1.9221428571428558,1,1,45.93,42.08571428571429,买入,0.05683387022549469,0.0,1.2330804248861913,1.5887236250432384
688146.SH,2025-09-25,45.2,46.4,45.01,45.1,45.93,-0.83,-1.8071,64202.49,291884.071,41.56,36.47016666666666,46.8,39.03,42.915,1.3900000000000006,1.9464285714285705,0,1,45.93,42.08571428571429,,-0.01807097757456999,-0.01807097757456999,1.2107974561804318,1.5600138360428926
688146.SH,2025-09-26,44.9,46.68,43.9,44.0,45.1,-1.1,-2.439,69458.63,312677.781,41.6195,36.723333333333336,46.8,39.89,43.345,2.780000000000001,2.019999999999999,0,1,45.93,42.08571428571429,,-0.024390243902439046,-0.024390243902439046,1.1812658109077383,1.5219647180906268
688146.SH,2025-09-29,44.35,44.9,43.5,43.79,44.0,-0.21,-0.4773,53671.86,236431.889,41.644,36.959,46.8,39.89,43.345,1.3999999999999986,1.9971428571428562,0,1,45.93,42.08571428571429,,-0.004772727272727262,-0.004772727272727262,1.1756279513556787,1.514700795572467
688146.SH,2025-09-30,43.77,44.58,43.5,43.96,43.79,0.17,0.3882,44960.05,198428.596,41.8145,37.19766666666667,46.8,40.01,43.405,1.0799999999999983,2.0114285714285702,0,1,45.93,42.08571428571429,,0.003882164877826,0.003882164877826,1.1801919328978223,1.5205811138014536
688146.SH,2025-10-09,44.12,45.67,44.1,44.35,43.96,0.39,0.8872,55825.83,250440.885,41.9915,37.44983333333334,46.8,40.52,43.66,1.7100000000000009,2.024999999999999,0,1,45.93,42.08571428571429,,0.0088717015468609,0.0088717015468609,1.1906622434945047,1.5340712556208933
688146.SH,2025-10-10,44.0,44.69,42.46,42.93,44.35,-1.42,-3.2018,61596.82,265992.083,42.1935,37.67883333333334,46.8,40.52,43.66,2.229999999999997,2.089285714285713,0,1,45.93,42.08571428571429,,-0.032018038331454335,-0.032018038331454335,1.1525395741424822,1.4849533033552413
688146.SH,2025-10-13,39.4,44.2,39.4,43.8,42.93,0.87,2.0266,71596.24,309306.272,42.3965,37.9175,46.8,40.52,43.66,4.800000000000004,2.3542857142857136,0,1,45.93,42.08571428571429,,0.020265548567435232,0.020265548567435232,1.1758964208581577,1.5150466966447604
688146.SH,2025-10-14,43.75,44.06,41.63,41.64,43.8,-2.16,-4.9315,58415.95,249948.999,42.452,38.11566666666667,46.8,39.4,43.099999999999994,2.4299999999999997,2.4114285714285706,-1,0,,,止损卖出,-0.04931506849315059,-0.04931506849315059,1.117907008322687,1.4403320650294025
688146.SH,2025-10-15,41.65,42.56,40.66,42.26,41.64,0.62,1.489,44847.46,186252.337,42.6195,38.329166666666666,46.8,39.4,43.099999999999994,1.9000000000000057,2.447142857142857,0,0,,,,0.014889529298751203,0.0,1.117907008322687,1.4617779315115886
688146.SH,2025-10-16,42.74,42.74,40.92,40.92,42.26,-1.34,-3.1708,26871.22,111304.117,42.7,38.5185,46.8,39.4,43.099999999999994,1.8200000000000003,2.434285714285714,0,0,,,,-0.03170847136772348,-0.0,1.117907008322687,1.4154271878242835
688146.SH,2025-10-17,40.92,41.25,39.3,39.42,40.92,-1.5,-3.6657,36710.29,146414.077,42.6585,38.6775,46.8,39.4,43.099999999999994,1.9500000000000028,2.3464285714285715,0,0,,,,-0.03665689149560114,-0.0,1.117907008322687,1.363542026980285
688146.SH,2025-10-20,39.92,40.48,38.71,39.23,39.42,-0.19,-0.482,27599.93,108838.702,42.6035,38.83316666666666,46.8,39.3,43.05,1.769999999999996,2.337142857142857,0,0,,,,-0.004819888381532356,-0.0,1.117907008322687,1.3569699066067116
688146.SH,2025-10-21,39.37,40.19,39.37,40.03,39.23,0.8,2.0393,33048.45,131869.029,42.5875,39.0,46.8,38.71,42.754999999999995,0.9600000000000009,2.165714285714286,0,0,,,,0.020392556716798405,0.0,1.117907008322687,1.3846419923901776
688146.SH,2025-10-22,39.55,39.99,39.12,39.5,40.03,-0.53,-1.324,25135.54,99268.374,42.4975,39.157833333333336,46.8,38.71,42.754999999999995,0.9100000000000037,1.9378571428571436,0,0,,,,-0.013240069947539346,-0.0,1.117907008322687,1.3663092355586315
688146.SH,2025-10-23,39.5,39.77,38.68,39.51,39.5,0.01,0.0253,26108.6,102014.095,42.3625,39.321,46.8,38.71,42.754999999999995,1.0900000000000034,1.9164285714285723,0,0,,,,0.00025316455696189344,0.0,1.117907008322687,1.3666551366309245
688146.SH,2025-10-24,39.76,40.64,39.76,40.48,39.51,0.97,2.4551,38807.48,156045.746,42.282,39.494166666666665,46.8,38.68,42.739999999999995,1.1300000000000026,1.7985714285714296,0,0,,,,0.024550746646418542,0.0,1.117907008322687,1.400207540643377
688146.SH,2025-10-27,40.5,41.49,37.69,38.89,40.48,-1.59,-3.9279,108308.77,423501.438,42.0735,39.63583333333334,46.8,38.68,42.739999999999995,3.8000000000000043,1.9700000000000013,0,0,,,,-0.03927865612648207,-0.0,1.117907008322687,1.3452092701487386
688146.SH,2025-10-28,38.7,45.38,38.21,45.0,38.89,6.11,15.711,114918.96,470097.088,42.21,39.88033333333333,46.8,37.69,42.245,7.170000000000002,2.4050000000000016,0,0,,,,0.15710979686294668,0.0,1.117907008322687,1.5565548253199597
688146.SH,2025-10-29,48.0,52.4,47.02,47.2,45.0,2.2,4.8889,266624.53,1309303.585,42.397000000000006,40.16,46.8,37.69,42.245,7.399999999999999,2.8114285714285727,1,1,47.2,41.57714285714286,买入,0.04888888888888898,0.0,1.117907008322687,1.6326530612244912
688146.SH,2025-10-30,47.0,52.0,47.0,48.81,47.2,1.61,3.411,246311.94,1220957.952,42.541,40.468,52.4,37.69,45.045,5.0,3.009285714285716,0,1,47.2,42.79142857142857,,0.034110169491525344,0.034110169491525344,1.1560390058523378,1.6883431338637163
688146.SH,2025-10-31,48.35,49.7,45.88,45.88,48.81,-2.93,-6.0029,167177.74,788687.369,42.58,40.738166666666665,52.4,37.69,45.045,3.8200000000000003,2.939285714285716,0,1,47.2,42.79142857142857,,-0.060028682646998566,-0.060028682646998566,1.086643507242476,1.5869941196817723
688146.SH,2025-11-03,45.13,48.5,43.21,46.88,45.88,1.0,2.1796,165689.07,747808.061,42.724,41.02433333333333,52.4,37.69,45.045,5.289999999999999,3.14357142857143,0,1,47.2,42.79142857142857,,0.021795989537924942,0.021795989537924942,1.110327977757787,1.6215842269111047
688146.SH,2025-11-04,46.39,47.35,45.08,45.9,46.88,-0.98,-2.0904,95029.6,436817.859,42.8295,41.28383333333333,52.4,37.69,45.045,2.270000000000003,3.1700000000000013,0,1,47.2,42.79142857142857,,-0.020904436860068376,-0.020904436860068376,1.087117196652782,1.5876859218263588
688146.SH,2025-11-05,43.98,46.9,43.58,45.51,45.9,-0.39,-0.8497,102199.65,460738.709,42.907,41.53483333333334,52.4,37.69,45.045,3.3200000000000003,3.2771428571428585,0,1,47.2,42.79142857142857,,-0.00849673202614376,-0.00849673202614376,1.0778802531518106,1.5741957800069193
688146.SH,2025-11-06,45.5,46.29,44.38,44.75,45.51,-0.76,-1.67,89335.24,403894.799,42.927,41.7315,52.4,37.69,45.045,1.9099999999999966,3.274285714285715,0,1,47.2,42.79142857142857,,-0.01669962645572398,-0.01669962645572398,1.0598800555601742,1.5479072985126268
688146.SH,2025-11-07,44.1,47.47,43.81,45.99,44.75,1.24,2.7709,119230.58,549386.186,43.08,41.958,52.4,37.69,45.045,3.6599999999999966,3.409285714285715,0,1,47.2,42.79142857142857,,0.027709497206704015,0.027709497206704015,1.0892487989991602,1.590799031476999
688146.SH,2025-11-10,46.41,47.28,45.05,45.45,45.99,-0.54,-1.1742,110828.25,511388.247,43.1625,42.136,52.4,37.69,45.045,2.230000000000004,3.500000000000001,0,1,47.2,42.79142857142857,,-0.011741682974559686,-0.011741682974559686,1.0764591849208922,1.5721203735731595
688146.SH,2025-11-11,45.9,46.19,44.3,44.6,45.45,-0.85,-1.8702,82727.54,372861.547,43.310500000000005,42.29283333333333,52.4,38.21,45.305,1.8900000000000006,3.5700000000000007,0,1,47.2,42.79142857142857,,-0.018701870187018743,-0.018701870187018743,1.0563273849828776,1.542718782428227
688146.SH,2025-11-12,44.3,44.6,42.44,43.48,44.6,-1.12,-2.5112,78881.82,340273.758,43.371500000000005,42.3945,52.4,43.21,47.805,2.1600000000000037,3.6464285714285722,0,1,47.2,42.79142857142857,,-0.025112107623318503,-0.025112107623318503,1.029800778005729,1.5039778623313744
688146.SH,2025-11-13,43.2,45.99,42.99,44.35,43.48,0.87,2.0009,83413.43,374435.279,43.543,42.386,52.4,42.44,47.42,3.0,3.7800000000000007,0,1,47.2,42.79142857142857,,0.020009199632014862,0.020009199632014862,1.05040626735405,1.534071255620894
688146.SH,2025-11-14,43.97,43.97,42.01,42.02,44.35,-2.33,-5.2537,75520.91,322856.324,43.673,42.40916666666666,52.4,42.44,47.42,2.3400000000000034,3.675714285714286,-1,0,,,卖出,-0.05253664036076655,-0.05253664036076655,0.995221451053375,1.4534763057765494
688146.SH,2025-11-17,43.1,45.8,43.1,43.24,42.02,1.22,2.9034,94991.32,423875.212,43.8735,42.43083333333333,52.4,42.01,47.205,3.779999999999994,3.4335714285714287,0,0,,,,0.029033793431699095,0.0,0.995221451053375,1.4956762365963348
688146.SH,2025-11-18,43.26,45.2,42.24,43.49,43.24,0.25,0.5782,90323.73,394868.46,44.0465,42.48166666666667,52.4,42.01,47.205,2.960000000000001,3.1164285714285715,0,0,,,,0.005781683626272072,0.0,0.995221451053375,1.504323763403668
688146.SH,2025-11-19,43.0,45.1,43.0,44.13,43.49,0.64,1.4716,88147.07,388117.775,44.278000000000006,42.5575,52.4,42.01,47.205,2.1000000000000014,2.9092857142857147,0,0,,,,0.014716026672798366,0.0,0.995221451053375,1.5264614320304406
688146.SH,2025-11-20,44.77,44.79,41.56,41.75,44.13,-2.38,-5.3932,81801.48,349925.472,44.39,42.582,52.4,42.01,47.205,3.229999999999997,2.867142857142857,0,0,,,,-0.05393156582823477,-0.0,0.995221451053375,1.4441369768246293
688146.SH,2025-11-21,40.5,42.7,40.0,40.3,41.75,-1.45,-3.4731,75691.39,312385.405,44.381,42.59283333333334,52.4,41.56,46.980000000000004,2.700000000000003,2.6821428571428574,0,0,,,,-0.03473053892215572,-0.0,0.995221451053375,1.3939813213420973
688146.SH,2025-11-24,40.5,41.4,40.02,40.8,40.3,0.5,1.2407,53120.62,216479.029,44.4765,42.582,52.4,40.0,46.2,1.3799999999999955,2.6185714285714283,0,0,,,,0.012406947890818865,0.0,0.995221451053375,1.4112763749567636
688146.SH,2025-11-25,40.79,41.11,39.89,40.07,40.8,-0.73,-1.7892,66486.76,269314.817,44.23,42.55083333333334,52.4,40.0,46.2,1.2199999999999989,2.4685714285714284,0,0,,,,-0.017892156862745034,-0.0,0.995221451053375,1.386025596679351
688146.SH,2025-11-26,39.93,40.23,39.27,39.52,40.07,-0.55,-1.3726,43150.13,171386.93,43.846,42.5035,52.4,39.89,46.144999999999996,0.9599999999999937,2.4007142857142854,0,0,,,,-0.013725979535812227,-0.0,0.995221451053375,1.3670010377032185
688146.SH,2025-11-27,39.52,40.46,39.47,39.51,39.52,-0.01,-0.0253,37676.01,150544.399,43.38100000000001,42.462,52.0,39.27,45.635000000000005,0.990000000000002,2.21,0,0,,,,-0.00025303643724705616,-0.0,0.995221451053375,1.366655136630925
688146.SH,2025-11-28,39.5,40.34,39.1,40.26,39.51,0.75,1.8983,37777.52,151061.746,43.1,42.41333333333333,49.7,39.27,44.485,1.240000000000002,2.139285714285714,0,0,,,,0.018982536066818545,0.0,0.995221451053375,1.3925977170529242
688146.SH,2025-12-01,40.0,41.06,39.91,40.72,40.26,0.46,1.1426,55533.25,224502.54,42.792,42.3785,48.5,39.1,43.8,1.1500000000000057,2.0864285714285713,0,0,,,,0.01142573273720826,0.0,0.995221451053375,1.4085091663784173
688146.SH,2025-12-02,40.35,40.69,39.7,39.99,40.72,-0.73,-1.7927,35939.31,144000.398,42.4965,42.32333333333334,47.47,39.1,43.285,1.019999999999996,2.0049999999999994,0,0,,,,-0.017927308447937107,-0.0,0.995221451053375,1.3832583881010045
688146.SH,2025-12-03,39.9,39.98,39.22,39.54,39.99,-0.45,-1.1253,28938.01,114223.238,42.198,42.3065,47.47,39.1,43.285,0.7700000000000031,1.8457142857142854,0,0,,,,-0.011252813203300849,-0.0,0.995221451053375,1.367692839847805
688146.SH,2025-12-04,39.23,39.64,38.7,39.14,39.54,-0.4,-1.0116,29040.52,113473.854,41.9175,42.278666666666666,47.47,39.1,43.285,0.9399999999999977,1.745714285714285,0,0,,,,-0.010116337885685334,-0.0,0.995221451053375,1.353856796956072
688146.SH,2025-12-05,39.39,39.98,38.72,39.8,39.14,0.66,1.6863,30037.07,118749.816,41.608,42.29383333333333,47.47,38.7,43.085,1.259999999999998,1.5657142857142854,0,0,,,,0.01686254471129267,0.0,0.995221451053375,1.3766862677274312
688146.SH,2025-12-08,39.85,40.63,39.85,40.22,39.8,0.42,1.0553,40480.0,163297.523,41.346500000000006,42.301833333333335,47.28,38.7,42.99,0.8300000000000054,1.4135714285714285,0,0,,,,0.010552763819095423,0.0,0.995221451053375,1.3912141127637507
688146.SH,2025-12-09,40.05,40.49,39.5,39.91,40.22,-0.31,-0.7708,31657.6,126668.168,41.112,42.291500000000006,46.19,38.7,42.445,0.990000000000002,1.3342857142857143,0,0,,,,-0.007707608155146706,-0.0,0.995221451053375,1.3804911795226578
688146.SH,2025-12-10,39.91,39.93,39.26,39.83,39.91,-0.08,-0.2005,32830.05,129892.026,40.9295,42.30683333333334,45.99,38.7,42.345,0.6700000000000017,1.1514285714285717,0,0,,,,-0.002004510147832539,-0.0,0.995221451053375,1.3777239709443112
688146.SH,2025-12-11,40.29,40.6,39.26,39.34,39.83,-0.49,-1.2302,40758.44,162455.904,40.679,42.30733333333333,45.99,38.7,42.345,1.3400000000000034,1.0542857142857147,0,0,,,,-0.012302284710017486,-0.0,0.995221451053375,1.3607748184019384
688146.SH,2025-12-12,39.2,40.15,38.88,39.79,39.34,0.45,1.1439,49756.99,196408.821,40.5675,42.29966666666667,45.8,38.7,42.25,1.269999999999996,1.046428571428572,0,0,,,,0.011438739196746095,0.0,0.995221451053375,1.3763403666551377
688146.SH,2025-12-15,39.43,41.2,39.41,40.23,39.79,0.44,1.1058,66584.43,269488.291,40.417,42.298,45.8,38.7,42.25,1.7900000000000063,1.087142857142858,0,0,,,,0.011058054787635108,0.0,0.995221451053375,1.391560013836044
688146.SH,2025-12-16,40.17,42.85,40.17,41.47,40.23,1.24,3.0823,108342.39,452196.862,40.316,42.31666666666667,45.2,38.7,41.95,2.6799999999999997,1.2100000000000013,0,0,,,,0.03082276907780268,0.0,0.995221451053375,1.4344517468004163
688146.SH,2025-12-17,41.4,41.97,39.91,41.6,41.47,0.13,0.3135,84772.32,346902.315,40.1895,42.32166666666667,45.1,38.7,41.900000000000006,2.0600000000000023,1.2864285714285728,0,0,,,,0.0031347962382446415,0.0,0.995221451053375,1.4389484607402296
688146.SH,2025-12-18,41.22,41.77,40.65,40.71,41.6,-0.89,-2.1394,52482.4,215258.298,40.1375,42.29666666666667,44.79,38.7,41.745000000000005,1.1200000000000045,1.2778571428571444,0,0,,,,-0.02139423076923075,-0.0,0.995221451053375,1.4081632653061238
688146.SH,2025-12-19,40.71,40.97,40.05,40.37,40.71,-0.34,-0.8352,48268.44,195013.756,40.141000000000005,42.268,42.85,38.72,40.785,0.9200000000000017,1.2614285714285727,0,0,,,,-0.008351756325227333,-0.0,0.995221451053375,1.3964026288481506
688146.SH,2025-12-22,40.39,41.2,40.12,40.65,40.37,0.28,0.6936,47987.26,195963.821,40.1335,42.227833333333336,42.85,38.88,40.865,1.0800000000000054,1.2657142857142876,0,0,,,,0.00693584344810505,0.0,0.995221451053375,1.4060878588723638
688146.SH,2025-12-23,40.65,41.7,40.56,40.98,40.65,0.33,0.8118,58167.18,239801.908,40.179,42.20633333333333,42.85,38.88,40.865,1.1400000000000006,1.2921428571428588,0,0,,,,0.008118081180811698,0.0,0.995221451053375,1.4175025942580433
688146.SH,2025-12-24,41.14,42.17,40.78,41.73,40.98,0.75,1.8302,61870.06,256478.321,40.2895,42.1775,42.85,38.88,40.865,1.3900000000000006,1.3242857142857163,0,0,,,,0.018301610541727742,0.0,0.995221451053375,1.4434451746800427
688146.SH,2025-12-25,41.8,42.0,41.32,41.77,41.73,0.04,0.0959,37773.74,157438.667,40.4025,42.10816666666667,42.85,38.88,40.865,0.6799999999999997,1.282857142857145,0,0,,,,0.0009585430146179519,0.0,0.995221451053375,1.4448287789692162
688146.SH,2025-12-26,41.82,41.95,41.45,41.52,41.77,-0.25,-0.5985,39224.75,163621.234,40.4655,42.0485,42.85,38.88,40.865,0.5,1.259285714285716,0,0,,,,-0.00598515681110845,-0.0,0.995221451053375,1.436181252161883
688146.SH,2025-12-29,41.38,41.44,40.43,40.45,41.52,-1.07,-2.5771,47380.26,193647.941,40.452000000000005,41.98933333333333,42.85,39.41,41.129999999999995,1.0900000000000034,1.2664285714285732,0,0,,,,-0.025770712909441218,-0.0,0.995221451053375,1.3991698374264974
688146.SH,2025-12-30,40.34,40.8,40.05,40.12,40.45,-0.33,-0.8158,37541.53,151407.119,40.4585,41.92816666666667,42.85,39.91,41.379999999999995,0.75,1.2721428571428588,0,0,,,,-0.008158220024721996,-0.0,0.995221451053375,1.3877551020408174
688146.SH,2025-12-31,40.25,40.99,40.11,40.4,40.12,0.28,0.6979,35280.51,142898.741,40.5015,41.86883333333333,42.85,39.91,41.379999999999995,0.8800000000000026,1.2392857142857159,0,0,,,,0.006979062811565351,0.0,0.995221451053375,1.3974403320650306
688146.SH,2026-01-05,40.59,42.23,40.59,42.18,40.4,1.78,4.4059,69379.87,288997.142,40.6535,41.83266666666667,42.85,40.05,41.45,1.8299999999999983,1.2792857142857161,0,0,,,,0.0440594059405941,0.0,0.995221451053375,1.4590107229332423
688146.SH,2026-01-06,42.3,43.2,42.01,42.57,42.18,0.39,0.9246,59446.51,253080.851,40.792,41.82666666666667,42.85,40.05,41.45,1.1900000000000048,1.2364285714285732,0,0,,,,0.009246088193456625,0.0,0.995221451053375,1.472500864752682
688146.SH,2026-01-07,43.39,45.4,43.21,44.79,42.57,2.22,5.2149,137193.08,607985.459,41.0205,41.84316666666667,43.2,40.05,41.625,2.8299999999999983,1.2471428571428587,1,1,44.79,42.29571428571428,买入,0.05214940098661036,0.0,0.995221451053375,1.5492909028018003
688146.SH,2026-01-08,46.21,48.5,44.88,45.5,44.79,0.71,1.5852,146079.6,675893.004,41.3,41.9075,45.4,40.05,42.724999999999994,3.710000000000001,1.3650000000000015,0,1,44.79,42.769999999999996,,0.015851752623353477,0.015851752623353477,1.010997455300928,1.5738498789346265
688146.SH,2026-01-09,45.28,45.44,44.06,44.66,45.5,-0.84,-1.8462,104345.54,465671.448,41.5415,41.9475,48.5,40.05,44.275,1.4399999999999977,1.3878571428571438,0,1,44.79,42.769999999999996,,-0.01846153846153853,-0.01846153846153853,0.9923328868953724,1.5447941888619872
688146.SH,2026-01-12,44.59,45.47,44.12,45.28,44.66,0.62,1.3883,93757.49,420781.175,41.8385,42.02016666666667,48.5,40.05,44.275,1.3500000000000014,1.4185714285714295,0,1,44.79,42.769999999999996,,0.013882669055082841,0.013882669055082841,1.0061091159566158,1.5662400553441733
688146.SH,2026-01-13,45.02,45.4,43.51,43.58,45.28,-1.7,-3.7544,76150.55,337038.086,42.028,42.08950000000001,48.5,40.05,44.275,1.8900000000000006,1.476428571428572,0,1,44.79,42.769999999999996,,-0.037544169611307465,-0.037544169611307465,0.968335584659658,1.5074368730543082
688146.SH,2026-01-14,43.58,44.64,42.92,43.36,43.58,-0.22,-0.5048,69927.65,306202.932,42.1845,42.15833333333333,48.5,40.05,44.275,1.7199999999999989,1.5178571428571435,0,1,44.79,42.769999999999996,,-0.005048187241854074,-0.005048187241854074,0.9634472453153458,1.499827049463855
688146.SH,2026-01-15,43.02,45.4,42.77,45.06,43.36,1.7,3.9207,87886.86,389080.413,42.364,42.24216666666666,48.5,40.05,44.275,2.6299999999999955,1.6064285714285715,0,1,44.79,42.769999999999996,,0.03920664206642077,0.03920664206642077,1.0012207766123036,1.5586302317537204
688146.SH,2026-01-16,45.83,47.19,45.3,46.67,45.06,1.61,3.573,99047.9,456572.628,42.6175,42.361666666666665,48.5,40.11,44.305,2.1299999999999955,1.7099999999999997,0,1,44.79,43.25,,0.035730137594318645,0.035730137594318645,1.0369945327229517,1.6143203043929455
688146.SH,2026-01-19,48.42,51.18,48.2,48.59,46.67,1.92,4.114,160372.9,790628.241,43.0115,42.513000000000005,48.5,40.59,44.545,4.509999999999998,1.9964285714285712,0,1,44.79,44.59714285714286,,0.04113991857724453,0.04113991857724453,1.0796564033642218,1.6807333102732638
688146.SH,2026-01-20,48.25,48.5,46.72,47.4,48.59,-1.19,-2.4491,83726.32,397217.52,43.363,42.62833333333334,51.18,42.01,46.595,1.8700000000000045,2.052142857142857,0,1,44.79,44.59714285714286,,-0.024490635933319682,-0.024490635933319682,1.0532149314563513,1.639571082670358
688146.SH,2026-01-21,47.02,49.9,46.93,49.37,47.4,1.97,4.1561,99107.34,481459.474,43.799,42.803,51.18,42.77,46.975,2.969999999999999,2.2107142857142854,0,1,44.79,44.94857142857143,,0.04156118143459908,0.04156118143459908,1.0969877883122374,1.7077135939121428
688146.SH,2026-01-22,49.84,50.1,47.7,48.05,49.37,-1.32,-2.6737,80743.66,390742.979,44.1525,42.85383333333333,51.18,42.77,46.975,2.3999999999999986,2.3192857142857135,0,1,44.79,44.94857142857143,,-0.026736884747822542,-0.026736884747822542,1.0676577522463644,1.662054652369424
688146.SH,2026-01-23,48.29,48.85,47.91,48.44,48.05,0.39,0.8117,61849.46,298986.416,44.488,42.8745,51.18,42.77,46.975,0.9400000000000048,2.255714285714286,0,1,44.79,44.94857142857143,,0.008116545265348662,0.008116545265348662,1.0763234447203724,1.6755447941888637
688146.SH,2026-01-26,47.89,48.3,46.8,47.39,48.44,-1.05,-2.1676,64549.61,305544.295,44.769,42.85083333333333,51.18,42.77,46.975,1.6400000000000006,2.2878571428571424,0,1,44.79,44.94857142857143,,-0.021676300578034602,-0.021676300578034602,1.052992734213428,1.6392251815980647
688146.SH,2026-01-27,47.08,48.3,46.27,48.04,47.39,0.65,1.3716,60755.42,287737.269,45.095,42.886833333333335,51.18,42.77,46.975,2.029999999999994,2.230714285714285,0,1,44.79,44.94857142857143,,0.013715973834142137,0.013715973834142137,1.0674355550034411,1.6617087512971307
688146.SH,2026-01-28,48.0,48.95,47.67,48.45,48.04,0.41,0.8535,61138.31,295146.959,45.495,42.913,51.18,42.77,46.975,1.2800000000000011,2.0571428571428565,0,1,44.79,44.94857142857143,,0.008534554537885208,0.008534554537885208,1.0765456419632957,1.6758906952611572
688146.SH,2026-01-29,48.26,48.5,45.92,45.95,48.45,-2.5,-5.16,53205.02,250041.969,45.7865,42.913833333333336,51.18,42.77,46.975,2.5799999999999983,2.138571428571428,0,1,44.79,44.94857142857143,,-0.05159958720330238,-0.05159958720330238,1.0209963312324755,1.589415427187826
688146.SH,2026-01-30,45.89,46.59,44.28,45.21,45.95,-0.74,-1.6104,49875.58,225856.855,46.027,42.90883333333333,51.18,45.3,48.239999999999995,2.3100000000000023,2.2071428571428564,-1,0,,,卖出,-0.01610446137105559,-0.01610446137105559,1.0045537352561527,1.5638187478381198
688146.SH,2026-02-02,44.85,45.49,42.3,42.3,45.21,-2.91,-6.4366,55109.37,238477.735,46.033,42.868,51.18,44.28,47.730000000000004,3.190000000000005,2.3,0,0,,,,-0.06436629064366295,-0.0,1.0045537352561527,1.4631615358007624
688146.SH,2026-02-03,42.8,43.44,42.39,43.33,42.3,1.03,2.435,36333.77,156259.883,46.071,42.82366666666667,51.18,42.3,46.739999999999995,1.1400000000000006,2.2585714285714285,0,0,,,,0.024349881796690287,0.0,1.0045537352561527,1.4987893462469748
688146.SH,2026-02-04,42.94,43.19,41.93,42.38,43.33,-0.95,-2.1925,34084.71,144822.811,45.9505,42.7725,51.18,42.3,46.739999999999995,1.3999999999999986,2.170714285714286,0,0,,,,-0.02192476344334171,-0.0,1.0045537352561527,1.4659287443791091
688146.SH,2026-02-05,42.1,42.44,41.13,42.3,42.38,-0.08,-0.1888,34463.91,144069.823,45.7905,42.73416666666667,51.18,41.93,46.555,1.3099999999999952,2.112142857142857,0,0,,,,-0.0018876828692780956,-0.0,1.0045537352561527,1.4631615358007624
688146.SH,2026-02-06,42.24,42.75,41.64,42.02,42.3,-0.28,-0.6619,34720.06,146890.514,45.6585,42.709833333333336,51.18,41.13,46.155,1.1099999999999994,1.8692857142857144,0,0,,,,-0.006619385342789497,-0.0,1.0045537352561527,1.4534763057765494
688146.SH,2026-02-09,45.58,46.55,44.13,44.44,42.02,2.42,5.7592,85227.88,382972.87,45.6165,42.711333333333336,51.18,41.13,46.155,4.529999999999994,2.0592857142857137,0,0,,,,0.05759162303664911,0.0,1.0045537352561527,1.5371843652715338
688146.SH,2026-02-10,44.68,45.49,44.3,44.69,44.44,0.25,0.5626,59719.76,267692.203,45.672,42.755833333333335,51.18,41.13,46.155,1.1900000000000048,1.932142857142857,0,0,,,,0.00562556255625557,0.0,1.0045537352561527,1.5458318920788667
688146.SH,2026-02-11,44.66,45.36,44.19,44.34,44.69,-0.35,-0.7832,37062.91,165877.797,45.721,42.774166666666666,51.18,41.13,46.155,1.1700000000000017,1.8442857142857143,0,0,,,,-0.00783172969344359,-0.0,1.0045537352561527,1.5337253545486005
688146.SH,2026-02-12,44.17,44.78,44.1,44.5,44.34,0.16,0.3608,36467.4,162125.169,45.693,42.791,51.18,41.13,46.155,0.6799999999999997,1.8257142857142854,0,0,,,,0.0036084799278304214,0.0,1.0045537352561527,1.5392597717052936
688146.SH,2026-02-13,44.5,45.35,43.84,43.84,44.5,-0.66,-1.4831,51184.04,228475.193,45.5515,42.78616666666667,51.18,41.13,46.155,1.509999999999998,1.8164285714285708,0,0,,,,-0.014831460674157193,-0.0,1.0045537352561527,1.5164303009339344
688146.SH,2026-02-24,44.8,45.35,44.0,44.66,43.84,0.82,1.8704,48854.22,219236.806,45.355,42.83466666666666,51.18,41.13,46.155,1.509999999999998,1.7792857142857141,0,0,,,,0.018704379562043627,0.0,1.0045537352561527,1.5447941888619867
688146.SH,2026-02-25,44.66,50.97,44.66,50.97,44.66,6.31,14.129,192824.37,936854.881,45.5335,43.0125,50.1,41.13,45.615,6.310000000000002,2.1385714285714283,1,1,50.97,46.69285714285714,买入,0.14128974473802058,0.0,1.0045537352561527,1.7630577654790744
688146.SH,2026-02-26,48.65,49.5,47.82,49.28,50.97,-1.69,-3.3157,135228.75,657910.397,45.529,43.15383333333333,50.97,41.13,46.05,3.1499999999999986,2.1792857142857143,0,1,50.97,46.69285714285714,,-0.03315675887777114,-0.03315675887777114,0.9712459892765001,1.7046004842615028
688146.SH,2026-02-27,48.89,49.2,47.61,48.59,49.28,-0.69,-1.4002,73423.83,355910.154,45.556,43.29583333333333,50.97,41.13,46.05,1.6700000000000017,2.1335714285714285,0,1,50.97,46.69285714285714,,-0.014001623376623362,-0.014001623376623362,0.9576469687285946,1.6807333102732633
688146.SH,2026-03-02,48.96,49.48,48.15,48.59,48.59,0.0,0.0,89411.28,435298.744,45.5635,43.447,50.97,41.64,46.305,1.3299999999999983,2.000714285714285,0,1,50.97,46.69285714285714,,0.0,0.0,0.9576469687285946,1.6807333102732633
688146.SH,2026-03-03,48.5,49.17,46.63,46.73,48.59,-1.86,-3.8279,92708.94,442226.75,45.5305,43.56733333333333,50.97,43.84,47.405,2.539999999999999,2.100714285714285,0,1,50.97,46.69285714285714,,-0.038279481374768554,-0.038279481374768554,0.9209887394255447,1.6163957108267049
688146.SH,2026-03-04,46.06,47.44,44.9,45.23,46.73,-1.5,-3.2099,77750.38,358004.997,45.39,43.65016666666666,50.97,43.84,47.405,2.539999999999999,2.1821428571428565,-1,0,,,止损卖出,-0.03209929381553611,-0.03209929381553611,0.891425651277924,1.5645105499827061
688146.SH,2026-03-05,46.06,46.96,44.81,45.45,45.23,0.22,0.4864,65378.46,300925.755,45.24,43.729000000000006,50.97,43.84,47.405,2.1499999999999986,2.2421428571428565,0,0,,,,0.004864028299801149,0.0,0.891425651277924,1.5721203735731595
688146.SH,2026-03-06,45.35,46.12,44.72,45.53,45.45,0.08,0.176,48952.19,223116.769,45.219,43.82133333333333,50.97,43.84,47.405,1.3999999999999986,2.2628571428571425,0,0,,,,0.001760176017601811,0.0,0.891425651277924,1.5748875821515063
688146.SH,2026-03-09,45.08,45.1,42.9,44.14,45.53,-1.39,-3.0529,70398.72,308858.419,45.1655,43.898,50.97,43.84,47.405,2.6300000000000026,2.1271428571428572,0,0,,,,-0.030529321326597914,-0.0,0.891425651277924,1.526807333102734
688146.SH,2026-03-10,44.81,45.15,43.82,44.58,44.14,0.44,0.9968,58880.8,262042.256,45.2795,43.98866666666667,50.97,42.9,46.935,1.3299999999999983,2.1371428571428566,0,0,,,,0.009968282736746659,0.0,0.891425651277924,1.5420269802836404
688146.SH,2026-03-11,44.6,46.55,44.58,45.4,44.58,0.82,1.8394,72881.27,331960.829,45.383,44.082,50.97,42.9,46.935,1.9699999999999989,2.1942857142857135,0,0,,,,0.018393898609241788,0.0,0.891425651277924,1.570390868211693
688146.SH,2026-03-12,45.46,46.88,44.51,46.05,45.4,0.65,1.4317,106057.26,487007.129,45.566500000000005,44.17916666666667,50.97,42.9,46.935,2.3700000000000045,2.315,0,0,,,,0.014317180616740144,0.0,0.891425651277924,1.5928744379107591
688146.SH,2026-03-13,46.51,47.68,44.65,45.85,46.05,-0.2,-0.4343,122281.48,560146.503,45.74400000000001,44.27816666666666,50.97,42.9,46.935,3.030000000000001,2.4235714285714285,0,0,,,,-0.004343105320303908,-0.0,0.891425651277924,1.5859564164648927
688146.SH,2026-03-16,45.77,46.52,43.9,44.56,45.85,-1.29,-2.8135,103541.6,466289.063,45.871,44.357,50.97,42.9,46.935,2.6200000000000045,2.502857142857143,0,0,,,,-0.02813522355507081,-0.0,0.891425651277924,1.541335178139054
688146.SH,2026-03-17,44.61,44.63,42.2,42.2,44.56,-2.36,-5.2962,87986.49,378163.18,45.759,44.40466666666667,50.97,42.9,46.935,2.4299999999999997,2.225714285714286,0,0,,,,-0.052962298025134635,-0.0,0.891425651277924,1.4597025250778295
688146.SH,2026-03-18,42.4,42.5,41.57,42.12,42.2,-0.08,-0.1896,48140.65,202107.166,45.6305,44.4435,50.97,42.2,46.585,0.9299999999999997,2.0671428571428576,0,0,,,,-0.0018957345971565287,-0.0,0.891425651277924,1.4569353164994827
688146.SH,2026-03-19,41.85,43.88,41.14,42.24,42.12,0.12,0.2849,87048.23,370481.632,45.5255,44.477,50.97,41.57,46.269999999999996,2.740000000000002,2.143571428571429,0,0,,,,0.002849002849002913,0.0,0.891425651277924,1.4610861293670028
688146.SH,2026-03-20,41.9,44.15,41.5,41.66,42.24,-0.58,-1.3731,83559.75,357773.982,45.383500000000005,44.48016666666667,50.97,41.14,46.055,2.6499999999999986,2.2378571428571434,0,0,,,,-0.013731060606060774,-0.0,0.891425651277924,1.4410238671739897
688146.SH,2026-03-23,41.12,44.1,41.08,42.08,41.66,0.42,1.0082,112670.59,481258.892,45.2955,44.488166666666665,50.97,41.14,46.055,3.020000000000003,2.2721428571428577,0,0,,,,0.010081613058089411,0.0,0.891425651277924,1.4555517122103094
688146.SH,2026-03-24,42.14,42.5,40.08,41.11,42.08,-0.97,-2.3051,88701.53,362224.264,45.118,44.49483333333333,50.97,41.08,46.025,2.4200000000000017,2.2635714285714292,0,0,,,,-0.023051330798479097,-0.0,0.891425651277924,1.421999308197857
688146.SH,2026-03-25,40.8,41.94,40.75,41.18,41.11,0.07,0.1703,59524.55,245778.978,44.6285,44.50833333333333,50.97,40.08,45.525,1.1899999999999977,2.1950000000000007,0,0,,,,0.0017027487229384075,0.0,0.891425651277924,1.4244206157039103
688146.SH,2026-03-26,41.17,41.75,40.66,40.83,41.18,-0.35,-0.8499,50992.17,210025.643,44.206,44.51133333333333,49.5,40.08,44.79,1.0900000000000034,2.172857142857144,0,0,,,,-0.008499271491015037,-0.0,0.891425651277924,1.412314078173644
688146.SH,2026-03-27,40.8,43.18,40.57,42.58,40.83,1.75,4.2861,67634.51,284507.686,43.9055,44.538,49.48,40.08,44.78,2.6099999999999994,2.171428571428572,0,0,,,,0.04286064168503545,0.0,0.891425651277924,1.4728467658249758
688146.SH,2026-03-30,42.6,44.0,42.26,43.84,42.58,1.26,2.9591,68641.78,296836.349,43.668,44.573166666666665,49.48,40.08,44.78,1.740000000000002,2.200714285714287,0,0,,,,0.029591357444809896,0.0,0.891425651277924,1.5164303009339348
688146.SH,2026-03-31,43.2,43.59,42.5,42.56,43.84,-1.28,-2.9197,50706.84,217931.673,43.4595,44.58633333333333,49.17,40.08,44.625,1.3400000000000034,2.155714285714287,0,0,,,,-0.02919708029197088,-0.0,0.891425651277924,1.4721549636803892
688146.SH,2026-04-01,43.36,43.51,42.61,42.95,42.56,0.39,0.9164,31858.74,136593.313,43.3455,44.61016666666667,47.68,40.08,43.879999999999995,0.9499999999999957,2.054285714285715,0,0,,,,0.009163533834586568,0.0,0.891425651277924,1.485645105499829
688146.SH,2026-04-02,42.53,43.68,42.26,42.68,42.95,-0.27,-0.6286,35447.46,152085.661,43.207,44.647333333333336,47.68,40.08,43.879999999999995,1.4200000000000017,1.9392857142857152,0,0,,,,-0.006286379511059481,-0.0,0.891425651277924,1.476305776547909
688146.SH,2026-04-03,46.46,51.22,45.46,51.22,42.68,8.54,20.0094,304820.02,1496903.947,43.4915,44.83233333333333,47.68,40.08,43.879999999999995,8.54,2.3621428571428575,1,1,51.22,46.495714285714286,买入,0.2000937207122775,0.0,0.891425651277924,1.7717052922864083
688146.SH,2026-04-07,51.98,54.5,50.98,53.27,51.22,2.05,4.0023,307307.51,1617768.034,43.948,45.04683333333334,51.22,40.08,45.65,3.520000000000003,2.440000000000001,0,1,51.22,48.39,,0.04002342834830164,0.04002342834830164,0.927103561959684,1.84261501210654
688146.SH,2026-04-08,52.81,54.47,50.7,54.47,53.27,1.2,2.2527,237179.78,1243912.237,44.4425,45.251666666666665,54.5,40.08,47.29,3.769999999999996,2.6428571428571432,0,1,51.22,49.184285714285714,,0.02252675051623787,0.02252675051623787,0.9479881926026653,1.8841231407817387
688146.SH,2026-04-09,54.47,60.98,54.01,57.51,54.47,3.04,5.5811,237274.89,1373843.006,45.048,45.50066666666667,54.5,40.57,47.535,6.969999999999999,2.9450000000000003,0,1,51.22,51.62,,0.0558105379107765,0.0558105379107765,1.0008959235648849,1.9892770667589093
688146.SH,2026-04-10,58.66,62.74,58.66,60.45,57.51,2.94,5.1122,216085.44,1316245.751,45.768,45.76166666666667,60.98,40.57,50.775,5.230000000000004,3.129285714285715,0,1,51.22,54.191428571428574,,0.051121544079290704,0.051121544079290704,1.0520632686401896,2.090971982013147
688146.SH,2026-04-13,61.05,64.67,59.8,60.83,60.45,0.38,0.6286,200703.93,1229077.995,46.517,46.01716666666666,62.74,40.57,51.655,4.8700000000000045,3.261428571428572,0,1,51.22,54.30714285714286,,0.006286186931348192,0.006286186931348192,1.058676735010467,2.104116222760293
688146.SH,2026-04-14,60.84,62.42,59.2,61.11,60.83,0.28,0.4603,155177.5,947445.396,47.3445,46.29133333333333,64.67,42.26,53.465,3.219999999999999,3.318571428571429,0,1,51.22,54.472857142857144,,0.004602991944764101,0.004602991944764101,1.0635498154938294,2.1138014527845064
688146.SH,2026-04-15,61.8,62.41,59.7,60.14,61.11,-0.97,-1.5873,137164.48,831671.464,48.2415,46.539,64.67,42.26,53.465,2.7099999999999937,3.4271428571428575,0,1,51.22,54.472857142857144,,-0.015873015873015817,-0.015873015873015817,1.0466680723907529,2.080249048772054
688146.SH,2026-04-16,60.0,66.0,58.12,63.51,60.14,3.37,5.6036,203479.84,1286379.193,49.31099999999999,46.87116666666667,64.67,42.26,53.465,7.880000000000003,3.9121428571428574,0,1,51.22,55.68571428571428,,0.05603591619554371,0.05603591619554371,1.1053190767797925,2.1968177101349045
688146.SH,2026-04-17,64.06,66.52,63.25,64.31,63.51,0.8,1.2596,162058.13,1048480.057,50.4145,47.220333333333336,66.0,42.26,54.129999999999995,3.269999999999996,3.959285714285714,0,1,51.22,56.39142857142858,,0.012596441505274836,0.012596441505274836,1.1192421638751135,2.2244897959183705
688146.SH,2026-04-20,67.8,69.45,65.09,67.57,64.31,3.26,5.0692,199436.49,1337492.688,51.71,47.5955,66.52,45.46,55.989999999999995,5.140000000000001,4.202142857142857,0,1,51.22,59.16571428571428,,0.050691960814803094,0.050691960814803094,1.1759787437885463,2.3372535454859937
688146.SH,2026-04-21,66.41,71.08,63.01,69.3,67.57,1.73,2.5603,271206.62,1833958.712,53.071000000000005,47.97266666666667,69.45,50.7,60.075,8.07,4.682857142857143,0,1,51.22,59.93428571428571,,0.025603078289181624,0.025603078289181624,1.2060874196321778,2.397094430992739
688146.SH,2026-04-22,69.3,74.07,66.16,70.1,69.3,0.8,1.1544,257129.24,1773025.749,54.520500000000006,48.33116666666667,71.08,50.7,60.89,7.909999999999997,5.180000000000001,0,1,51.22,59.93428571428571,,0.011544011544011523,0.011544011544011523,1.2200105067274987,2.424766516776205
688146.SH,2026-04-23,71.04,73.74,69.9,70.81,70.1,0.71,1.0128,210332.3,1497820.781,56.002,48.72133333333333,74.07,54.01,64.03999999999999,3.839999999999989,5.3528571428571405,0,1,51.22,60.10428571428572,,0.010128388017118573,0.010128388017118573,1.2323672465245963,2.4493254929090313
688146.SH,2026-04-24,72.49,78.92,71.2,73.08,70.81,2.27,3.2058,253079.15,1877051.562,57.6145,49.1165,74.07,58.12,66.095,8.11,5.322142857142857,0,1,51.22,62.43571428571428,,0.03205761898036985,0.03205761898036985,1.2718740061575693,2.5278450363196154
688146.SH,2026-04-27,73.5,78.5,71.17,71.4,73.08,-1.68,-2.2989,275625.35,2042034.185,59.05550000000001,49.50566666666666,78.92,58.12,68.52,7.329999999999998,5.594285714285712,0,1,51.22,62.43571428571428,,-0.022988505747126298,-0.022988505747126298,1.2426355232573956,2.4697336561743373
688146.SH,2026-04-28,71.9,76.39,69.65,74.02,71.4,2.62,3.6695,259457.98,1894261.235,60.5645,49.932,78.92,58.12,68.52,6.739999999999995,5.806428571428571,0,1,51.22,62.43571428571428,,0.03669467787114833,0.03669467787114833,1.2882336334945717,2.560359737115188
688146.SH,2026-04-29,73.46,79.65,72.8,76.11,74.02,2.09,2.8236,190375.04,1458899.397,62.242,50.41066666666666,78.92,58.12,68.52,6.8500000000000085,5.797857142857142,0,1,51.22,64.51428571428572,,0.028235611996757726,0.028235611996757726,1.3246076985310977,2.632653061224493
688146.SH,2026-04-30,79.38,87.77,78.34,80.35,76.11,4.24,5.5709,269395.0,2197853.489,64.112,50.94916666666666,79.65,58.12,68.885,11.659999999999997,6.2571428571428545,0,1,51.22,67.83571428571429,,0.055708842464853525,0.055708842464853525,1.398400060136299,2.7793151158768628
688146.SH,2026-05-06,82.0,82.5,76.81,77.25,80.35,-3.1,-3.8581,275850.96,2172294.3,65.84049999999999,51.42916666666667,87.77,63.01,75.39,5.689999999999998,6.315714285714283,0,1,51.22,67.83571428571429,,-0.0385812072184194,-0.0385812072184194,1.3444480976419302,2.672085783465932
688146.SH,2026-05-07,76.2,80.06,75.1,78.0,77.25,0.75,0.9709,199076.38,1552429.631,67.1795,51.96333333333333,87.77,63.01,75.39,4.960000000000008,6.439999999999998,0,1,51.22,67.83571428571429,,0.009708737864077666,0.009708737864077666,1.3575009917937937,2.6980283638879317
688146.SH,2026-05-08,77.17,81.8,77.17,79.84,78.0,1.84,2.359,169422.89,1356125.559,68.508,52.5405,87.77,63.01,75.39,4.6299999999999955,6.577142857142856,0,1,51.22,67.83571428571429,,0.02358974358974364,0.02358974358974364,1.389524092113032,2.7616741611899034
688146.SH,2026-05-11,82.6,95.81,81.13,95.81,79.84,15.97,20.0025,278903.02,2521595.179,70.575,53.43233333333333,87.77,66.16,76.965,15.969999999999999,7.154999999999999,0,1,51.22,81.5,,0.20002505010020033,0.20002505010020033,1.6674637182533767,3.3140781736423426
688146.SH,2026-05-12,100.6,101.9,95.08,98.0,95.81,2.19,2.2858,266510.91,2606373.26,72.59949999999999,54.3435,95.81,69.65,82.73,6.820000000000007,7.408571428571428,0,1,51.22,83.18285714285715,,0.022857739275649713,0.022857739275649713,1.7055781691768177,3.3898305084745806
688146.SH,2026-05-13,97.65,117.6,94.65,117.6,98.0,19.6,20.0,297233.44,3076460.195,75.45700000000001,55.597166666666666,101.9,69.65,85.775,22.94999999999999,8.680714285714284,0,1,51.22,100.23857142857142,,0.19999999999999996,0.19999999999999996,2.046693803012181,4.067796610169497
688146.SH,2026-05-14,132.0,141.12,131.71,141.12,117.6,23.52,20.0,269662.14,3767654.583,79.47149999999999,57.24416666666666,117.6,69.65,93.625,23.52000000000001,9.784285714285714,0,1,51.22,121.55142857142857,,0.20000000000000018,0.20000000000000018,2.4560325636146176,4.881355932203396
688146.SH,2026-05-15,139.53,151.0,136.9,145.55,141.12,4.43,3.1392,324993.84,4704174.712,83.6935,58.96966666666666,141.12,69.65,105.385,14.099999999999994,10.22642857142857,0,1,51.22,125.09714285714287,,0.03139172335600904,0.03139172335600904,2.5331316584049572,5.034590107229339
688146.SH,2026-05-18,141.36,147.64,131.0,135.9,145.55,-9.65,-6.63,230016.2,3173965.449,87.4815,60.494,151.0,72.8,111.9,16.639999999999986,11.140714285714283,0,1,51.22,125.09714285714287,,-0.0663002404671934,-0.0663002404671934,2.365184420317648,4.700795572466281
688146.SH,2026-05-19,131.5,134.88,118.4,126.13,135.9,-9.77,-7.1891,209328.31,2621253.779,90.6125,61.851333333333336,151.0,75.1,113.05,17.5,11.81142857142857,0,1,51.22,125.09714285714287,,-0.07189109639440772,-0.07189109639440772,2.1951487191660406,4.362850224835703
688146.SH,2026-05-20,126.48,149.49,124.68,141.58,126.13,15.45,12.2493,247850.1,3351181.465,94.476,63.472,151.0,75.1,113.05,24.810000000000002,13.059999999999999,0,1,51.22,125.09714285714287,,0.1224926662966781,0.1224926662966781,2.4640383386944267,4.89726738152889
688146.SH,2026-05-21,140.0,141.11,127.51,127.87,141.58,-13.71,-9.6836,179804.23,2415205.517,97.491,64.8615,151.0,75.1,113.05,14.070000000000007,13.58357142857143,0,1,51.22,125.09714285714287,,-0.09683571125865242,-0.09683571125865242,2.2254314335983634,4.423037011414741
688146.SH,2026-05-22,129.3,135.88,129.3,130.72,127.87,2.85,2.2288,139768.65,1846904.087,100.562,66.3095,151.0,77.17,114.08500000000001,8.009999999999991,13.66642857142857,0,1,51.22,125.09714285714287,,0.022288261515601704,0.022288261515601704,2.275032431375444,4.5216188170183385
688146.SH,2026-05-25,131.0,135.8,122.0,134.33,130.72,3.61,2.7616,183330.02,2369177.599,103.77349999999998,67.804,151.0,81.13,116.065,13.800000000000011,13.819285714285714,0,1,51.22,125.09714285714287,,0.027616279069767602,0.027616279069767602,2.3378603618930804,4.646489104116229
688146.SH,2026-05-26,131.1,143.88,128.0,142.0,134.33,7.67,5.7098,167082.08,2315535.39,107.333,69.32116666666666,151.0,94.65,122.825,15.879999999999995,14.547142857142857,0,1,51.22,125.09714285714287,,0.05709819102210956,0.05709819102210956,2.47134795941947,4.911795226565208
688146.SH,2026-05-27,144.0,165.47,139.0,155.0,142.0,13.0,9.1549,196033.8,3007315.83,111.429,71.08316666666666,151.0,94.65,122.825,26.47,16.083571428571428,0,1,51.22,125.09714285714287,,0.09154929577464799,0.09154929577464799,2.6975981247184357,5.361466620546531
688146.SH,2026-05-28,154.0,175.38,154.0,174.66,155.0,19.66,12.6839,160523.75,2706086.186,116.592,73.18433333333333,165.47,118.4,141.935,21.379999999999995,17.279999999999998,0,1,51.22,140.1,,0.12683870967741928,0.12683870967741928,3.039757990085948,6.041508128675206
688146.SH,2026-05-29,182.0,182.5,164.01,174.66,174.66,0.0,0.0,159837.5,2779463.848,121.624,75.2855,175.38,118.4,146.89,18.49000000000001,17.46,0,1,51.22,140.1,,0.0,0.0,3.039757990085948,6.041508128675206
688146.SH,2026-06-01,185.1,198.66,166.31,169.99,174.66,-4.67,-2.6738,206601.89,3854712.284,126.31799999999998,77.33983333333335,182.5,118.4,150.45,32.349999999999994,19.283571428571427,0,1,51.22,140.1,,-0.026737661742814556,-0.026737661742814556,2.9584819691670123,5.879972327914223
688146.SH,2026-06-02,173.39,196.58,173.39,192.0,169.99,22.01,12.9478,232035.12,4268286.89,131.90050000000002,79.786,198.66,118.4,158.53,26.590000000000003,19.54357142857143,0,1,51.22,152.91285714285715,,0.12947820460027049,0.12947820460027049,3.3415409028770298,6.64130058803183
688146.SH,2026-06-03,192.0,201.99,178.77,182.66,192.0,-9.34,-4.8646,260398.0,4844921.73,137.171,82.07283333333334,198.66,122.0,160.32999999999998,23.22,19.522142857142857,0,1,51.22,152.91285714285715,,-0.04864583333333339,-0.04864583333333339,3.1789888610391572,6.318228986509864
688146.SH,2026-06-04,199.59,219.19,193.9,219.19,182.66,36.53,19.9989,200212.58,4226903.906,144.2305,84.96716666666666,201.99,122.0,161.995,36.53,21.124285714285712,0,1,51.22,176.94142857142856,,0.19998905069528083,0.19998905069528083,3.8147518255292505,7.581805603597378
688146.SH,2026-06-05,229.0,243.03,219.14,231.11,219.19,11.92,5.4382,254625.85,5885463.711,151.79399999999998,88.08333333333333,219.19,122.0,170.595,23.890000000000015,21.642142857142858,0,1,51.22,187.8257142857143,,0.05438204297641325,0.05438204297641325,4.022205823249533,7.994119681771022
688146.SH,2026-06-08,231.0,265.5,230.68,252.18,231.11,21.07,9.1169,248539.27,6270519.088,159.6125,91.54333333333334,243.03,122.0,182.515,34.81999999999999,22.879285714285714,0,1,51.22,206.42142857142858,,0.09116870754186324,0.09116870754186324,4.3889051296225485,8.722933241093058
688146.SH,2026-06-09,247.0,262.96,239.99,250.82,252.18,-1.36,-0.5393,178017.66,4467261.472,167.25349999999997,94.967,265.5,128.0,196.75,22.96999999999997,22.74785714285714,0,1,51.22,206.42142857142858,,-0.0053929732730589874,-0.0053929732730589874,4.365235881560503,8.675890695261165
688146.SH,2026-06-10,263.0,298.9,263.0,292.0,250.82,41.18,16.4181,177006.9,4995813.347,175.9735,99.06616666666667,265.5,139.0,202.25,48.079999999999984,25.177142857142854,0,1,51.22,241.6457142857143,,0.16418148473008531,0.16418148473008531,5.081926789792149,10.100311310965076
688146.SH,2026-06-11,308.06,349.8,289.0,349.8,292.0,57.8,19.7945,209791.63,6724663.037,186.4075,104.132,298.9,154.0,226.45,60.80000000000001,28.947857142857142,0,1,51.22,291.9042857142857,,0.19794520547945216,0.19794520547945216,6.087869832429089,12.099619508820492
688146.SH,2026-06-12,327.0,336.93,279.88,302.0,349.8,-47.8,-13.665,284423.17,8786424.759,194.23,108.42266666666669,349.8,164.01,256.905,69.92000000000002,32.95642857142857,0,1,51.22,291.9042857142857,,-0.13664951400800462,-0.13664951400800462,5.255965378483661,10.4462123832584
688146.SH,2026-06-15,310.0,318.92,280.04,318.3,302.0,16.3,5.3974,203329.69,6207388.019,203.35,113.02433333333336,349.8,166.31,258.055,38.879999999999995,34.59928571428571,0,1,51.22,291.9042857142857,,0.05397350993377481,0.05397350993377481,5.539648278050826,11.010031131096518
688146.SH,2026-06-16,326.0,365.0,318.5,323.0,318.3,4.7,1.4766,232169.93,7990662.228,213.1935,117.70566666666669,349.8,173.39,261.595,46.69999999999999,36.044285714285714,0,1,51.22,291.9042857142857,,0.014765944077913984,0.014765944077913984,5.6214464147358365,11.172604635074382
688146.SH,2026-06-17,310.0,340.0,300.33,339.7,322.8,16.9,5.2354,187376.56,6091782.381,223.09950000000003,122.66333333333334,365.0,178.77,271.885,39.670000000000016,37.35071428571429,0,1,51.22,291.9042857142857,,0.051702786377708865,0.051702786377708865,5.912090857850661,11.750259425804233
688146.SH,2026-06-18,332.0,365.0,323.36,364.0,339.7,24.3,7.1534,156310.03,5364485.787,234.90600000000003,128.03566666666669,365.0,193.9,279.45,41.639999999999986,39.00428571428571,0,1,51.22,291.9042857142857,,0.07153370621136301,0.07153370621136301,6.335004628371035,12.590799031477012
688146.SH,2026-06-22,368.0,399.5,366.0,389.99,364.0,25.99,7.1401,175440.98,6728036.479,247.8695,133.83416666666668,365.0,219.14,292.07,35.5,39.229285714285716,0,1,51.22,311.5314285714286,,0.07140109890109891,0.07140109890109891,6.787330920380274,13.489795918367362
688146.SH,2026-06-26,406.5,416.99,370.0,385.6,389.99,-4.39,-1.1257,182663.99,7283403.467,260.433,139.57566666666668,399.5,230.68,315.09000000000003,46.99000000000001,40.686428571428564,0,1,51.22,311.5314285714286,,-0.011256698889715033,-0.011256698889715033,6.710927979944701,13.337945347630594
688146.SH,2026-06-29,365.15,393.0,312.19,370.0,385.6,-15.6,-4.0456,216062.62,7693776.286,271.833,145.056,416.99,239.99,328.49,80.81,44.800000000000004,0,1,51.22,311.5314285714286,,-0.04045643153526979,-0.04045643153526979,6.439427781585942,12.798339674853006
