trade_date,close,ma_short,ma_long,signal,buy_signal,sell_signal,daily_return,strategy_return,cum_market,cum_strategy,market_value,strategy_value
20250630,28.91,28.91,28.91,0,False,False,,,,,,
20250701,30.08,29.494999999999997,29.494999999999997,0,False,False,0.040470425458318804,0.0,1.0404704254583188,1.0,104047.04254583188,100000.0
20250702,29.56,29.516666666666666,29.516666666666666,0,False,False,-0.017287234042553168,-0.0,1.022483569699066,1.0,102248.3569699066,100000.0
20250703,29.33,29.47,29.47,0,False,False,-0.00778078484438427,-0.0,1.0145278450363195,1.0,101452.78450363195,100000.0
20250704,28.81,29.338,29.338,0,False,False,-0.01772928741902491,-0.0,0.9965409892770667,1.0,99654.09892770667,100000.0
20250707,29.65,29.486,29.39,1,True,False,0.029156542867060153,0.0,1.025596679349706,1.0,102559.6679349706,100000.0
20250708,29.64,29.398000000000003,29.425714285714285,0,False,True,-0.00033726812816181617,-0.00033726812816181617,1.0252507782774127,0.9996627318718382,102525.07782774128,99966.27318718382
20250709,29.22,29.330000000000002,29.4,0,False,False,-0.014170040485830038,-0.0,1.010722933241093,0.9996627318718382,101072.2933241093,99966.27318718382
20250710,29.19,29.302,29.376666666666665,0,False,False,-0.0010266940451744144,-0.0,1.0096852300242132,0.9996627318718382,100968.52300242132,99966.27318718382
20250711,29.48,29.436,29.387,1,True,False,0.009934909215484788,0.0,1.0197163611207196,0.9996627318718382,101971.63611207197,99966.27318718382
20250714,29.75,29.456,29.42,1,False,False,0.00915875169606517,0.00915875169606517,1.0290556900726393,1.0088183946128626,102905.56900726393,100881.83946128626
20250715,29.45,29.418,29.4225,0,False,True,-0.010084033613445453,-0.010084033613445453,1.0186786579038396,0.9986454360117244,101867.86579038396,99864.54360117244
20250716,29.56,29.486,29.43307692307692,1,True,False,0.0037351443123938566,0.0,1.0224835696990662,0.9986454360117244,102248.35696990661,99864.54360117244
20250717,29.88,29.624000000000002,29.465,1,False,False,0.010825439783491264,0.010825439783491264,1.0335524040124526,1.0094562120443278,103355.24040124526,100945.62120443278
20250718,29.89,29.706,29.493333333333332,1,False,False,0.00033467202141901353,0.00033467202141901353,1.033898305084746,1.0097940487953467,103389.8305084746,100979.40487953468
20250721,30.02,29.76,29.567333333333334,1,False,False,0.004349280695884916,0.004349280695884916,1.0383950190245592,1.0141859265585917,103839.50190245592,101418.59265585917
20250722,30.03,29.875999999999998,29.564,1,False,False,0.00033311125916068995,0.00033311125916068995,1.0387409200968527,1.0145237633096107,103874.09200968526,101452.37633096107
20250723,29.72,29.907999999999998,29.574666666666666,1,False,False,-0.010323010323010418,-0.010323010323010418,1.0280179868557595,1.0040508240280261,102801.79868557595,100405.08240280261
20250724,30.09,29.95,29.625333333333334,1,False,False,0.012449528936743004,0.012449528936743004,1.0408163265306125,1.0165507838157237,104081.63265306126,101655.07838157237
20250725,30.39,30.05,29.730666666666664,1,False,False,0.009970089730807707,0.009970089730807707,1.0511933586994124,1.0266858863462893,105119.33586994125,102668.58863462893
20250728,30.33,30.112000000000002,29.776,1,False,False,-0.001974333662388972,-0.001974333662388972,1.0491179522656524,1.0246588658401763,104911.79522656524,102465.88658401763
20250729,30.42,30.189999999999998,29.827999999999996,1,False,False,0.0029673590504453173,0.0029673590504453173,1.0522310619162925,1.0276993965993462,105223.10619162924,102769.93965993462
20250730,30.33,30.312,29.901999999999997,1,False,False,-0.002958579881656931,-0.002958579881656931,1.0491179522656524,1.0246588658401763,104911.79522656524,102465.88658401763
20250731,29.67,30.227999999999998,29.934,1,False,False,-0.021760633036597365,-0.021760633036597365,1.026288481494293,1.002361640272932,102628.8481494293,100236.16402729321
20250801,29.71,30.092000000000002,29.949333333333335,1,False,False,0.0013481631277383332,0.0013481631277383332,1.0276720857834662,1.0037129872770074,102767.20857834663,100371.29872770075
20250804,30.33,30.092000000000002,29.988,1,False,False,0.020868394479973018,0.020868394479973018,1.0491179522656522,1.024658865840176,104911.79522656521,102465.8865840176
20250805,30.45,30.098000000000003,30.054666666666666,1,False,False,0.003956478733926794,0.003956478733926794,1.053268765133172,1.0287129068524024,105326.8765133172,102871.29068524024
20250806,32.95,30.622000000000003,30.280666666666665,1,False,False,0.0821018062397374,0.0821018062397374,1.1397440332065032,1.1131720946071153,113974.40332065032,111317.20946071153
20250807,32.4,31.168,30.448666666666668,1,False,False,-0.016691957511380973,-0.016691957511380973,1.1207194742303703,1.0945910733010784,112071.94742303704,109459.10733010784
20250808,34.77,32.17999999999999,30.774,1,False,False,0.07314814814814818,0.07314814814814818,1.2026980283638882,1.1746583832925461,120269.80283638882,117465.8383292546
20250811,35.19,33.152,31.118666666666666,1,False,False,0.012079378774805694,0.012079378774805694,1.2172258734002075,1.1888475268353378,121722.58734002075,118884.75268353378
20250812,37.38,34.538,31.608666666666668,1,False,False,0.06223358908780918,0.06223358908780918,1.2929782082324457,1.2628337753084664,129297.82082324458,126283.37753084664
20250813,44.86,36.92,32.618,1,False,False,0.20010700909577306,0.20010700909577306,1.551712210307852,1.5155356650705671,155171.2210307852,151553.5665070567
20250814,40.63,38.565999999999995,33.32066666666667,1,False,False,-0.09429335711101194,-0.09429335711101194,1.4053960567277761,1.3726307193895932,140539.6056727776,137263.07193895933
20250815,41.94,40.0,34.09066666666667,1,False,False,0.03224218557715952,0.03224218557715952,1.4507090971982013,1.4168873337730625,145070.90971982013,141688.73337730626
20250818,40.44,41.05,34.76466666666667,1,False,False,-0.03576537911301858,-0.03576537911301858,1.3988239363542028,1.3662118211202348,139882.39363542027,136621.18211202347
20250819,39.58,41.489999999999995,35.37533333333333,1,False,False,-0.021266073194856516,-0.021266073194856516,1.369076444136977,1.3371578605326135,136907.64441369768,133715.78605326134
20250820,40.28,40.574,36.038666666666664,1,False,False,0.017685699848408287,0.017685699848408287,1.3932895191975097,1.3608064331039331,139328.95191975095,136080.64331039332
20250821,39.65,40.378,36.704,1,False,False,-0.01564051638530295,-0.01564051638530295,1.3714977516430302,1.3395227177897453,137149.77516430302,133952.27177897454
20250822,41.45,40.279999999999994,37.486666666666665,1,False,False,0.04539722572509475,0.04539722572509475,1.433759944655829,1.4003333329731387,143375.9944655829,140033.33329731386
20250825,41.94,40.58,38.26066666666667,1,False,False,0.011821471652593285,0.011821471652593285,1.4507090971982015,1.416887333773062,145070.90971982016,141688.7333773062
20250826,42.36,41.136,39.05466666666667,1,False,False,0.010014306151645336,0.010014306151645336,1.4652369422345213,1.431076477315854,146523.69422345213,143107.6477315854
20250827,42.0,41.480000000000004,39.658,1,False,False,-0.008498583569405138,-0.008498583569405138,1.4527845036319615,1.4189143542791753,145278.45036319614,141891.43542791755
20250828,43.18,42.186,40.376666666666665,1,False,False,0.028095238095238173,0.028095238095238173,1.4936008301625738,1.4587790908993998,149360.08301625738,145877.90908994
20250829,42.81,42.458000000000006,40.912666666666674,1,False,False,-0.008568781843446005,-0.008568781843446005,1.4808024904877208,1.4462791311117025,148080.2490487721,144627.91311117026
20250901,43.3,42.730000000000004,41.45333333333333,1,False,False,0.011445923849567663,0.011445923849567663,1.4977516430300934,1.462833131911626,149775.16430300934,146283.3131911626
20250902,40.55,42.367999999999995,41.66466666666666,1,False,False,-0.06351039260969982,-0.06351039260969982,1.4026288481494293,1.3699280253814416,140262.88481494293,136992.80253814417
20250903,40.81,42.129999999999995,41.39466666666667,1,False,False,0.006411837237978002,0.006411837237978002,1.411622276029056,1.3787117809079321,141162.2276029056,137871.17809079323
20250904,38.89,41.272,41.278666666666666,0,False,True,-0.04704729233031124,-0.04704729233031124,1.3452092701487377,1.3138471247123127,134520.92701487377,131384.71247123127
20250905,39.74,40.658,41.132,0,False,False,0.021856518385189094,0.0,1.3746108612936705,1.3138471247123127,137461.08612936706,131384.71247123127
20250908,40.53,40.104,41.138,0,False,False,0.019879214896829422,0.0,1.4019370460048433,1.3138471247123127,140193.7046004843,131384.71247123127
20250909,38.91,39.776,41.093333333333334,0,False,False,-0.039970392301998614,-0.0,1.3459010722933247,1.3138471247123127,134590.10722933247,131384.71247123127
20250910,39.31,39.476,41.02866666666667,0,False,False,0.010280133641737521,0.0,1.359737115185058,1.3138471247123127,135973.7115185058,131384.71247123127
20250911,40.25,39.748000000000005,41.068666666666665,0,False,False,0.023912490460442637,0.0,1.3922518159806303,1.3138471247123127,139225.18159806303,131384.71247123127
20250912,40.33,39.866,40.994,0,False,False,0.0019875776397515477,0.0,1.3950190245589769,1.3138471247123127,139501.90245589768,131384.71247123127
20250915,40.35,39.83,40.888,0,False,False,0.0004959087527895978,0.0,1.3957108267035636,1.3138471247123127,139571.08267035635,131384.71247123127
20250916,41.3,40.308,40.81733333333333,0,False,False,0.023543990086740907,0.0,1.4285714285714293,1.3138471247123127,142857.14285714293,131384.71247123127
20250917,42.21,40.888,40.831333333333326,1,True,False,0.02203389830508473,0.0,1.4600484261501216,1.3138471247123127,146004.84261501217,131384.71247123127
20250918,42.09,41.256,40.75866666666666,1,False,False,-0.002842928216062468,-0.002842928216062468,1.4558976132826018,1.3101119516498756,145589.76132826018,131011.19516498756
20250919,43.06,41.80200000000001,40.775333333333336,1,False,False,0.023045854122119236,0.023045854122119236,1.4894500172950542,1.3403046005712436,148945.00172950543,134030.46005712435
20250922,42.27,42.186,40.70666666666667,1,False,False,-0.018346493265211317,-0.018346493265211317,1.4621238325838817,1.3157147112435315,146212.38325838817,131571.47112435315
20250923,43.46,42.618,40.900666666666666,1,False,False,0.02815235391530635,0.02815235391530635,1.5032860601867872,1.3527551774460345,150328.60601867872,135275.51774460345
20250924,45.93,43.362,41.242,1,False,False,0.05683387022549469,0.05683387022549469,1.5887236250432384,1.4296374896478685,158872.36250432383,142963.74896478685
20250925,45.1,43.964,41.656,1,False,False,-0.01807097757456999,-0.01807097757456999,1.5600138360428926,1.4038025426326775,156001.38360428927,140380.25426326774
20250926,44.0,44.152,41.940000000000005,1,False,False,-0.024390243902439046,-0.024390243902439046,1.5219647180906268,1.3695634562270023,152196.47180906267,136956.34562270023
20250929,43.79,44.456,42.157333333333334,1,False,False,-0.004772727272727262,-0.004772727272727262,1.514700795572467,1.3630269033677371,151470.0795572467,136302.69033677372
20250930,43.96,44.556,42.49400000000001,1,False,False,0.003882164877826,0.003882164877826,1.5205811138014536,1.3683183985395233,152058.11138014536,136831.83985395232
20251009,44.35,44.239999999999995,42.830000000000005,1,False,False,0.0088717015468609,0.0088717015468609,1.5340712556208933,1.3804577109924445,153407.12556208932,138045.77109924445
20251010,42.93,43.806,43.00866666666666,1,False,False,-0.032018038331454335,-0.032018038331454335,1.4849533033552413,1.3362581630869368,148495.33033552414,133625.81630869367
20251013,43.8,43.766000000000005,43.24,1,False,False,0.020265548567435232,0.020265548567435232,1.5150466966447604,1.3633381677896068,151504.66966447604,136333.8167789607
20251014,41.64,43.336,43.326,1,False,False,-0.04931506849315059,-0.04931506849315059,1.4403320650294025,1.2961050526657358,144033.20650294024,129610.50526657359
20251015,42.26,42.996,43.38999999999999,0,False,True,0.014889529298751203,0.014889529298751203,1.4617779315115886,1.3154034468216618,146177.79315115887,131540.34468216618
20251016,40.92,42.309999999999995,43.304,0,False,False,-0.03170847136772348,-0.0,1.4154271878242835,1.3154034468216618,141542.71878242833,131540.34468216618
20251017,39.42,41.608000000000004,43.126,0,False,False,-0.03665689149560114,-0.0,1.363542026980285,1.3154034468216618,136354.2026980285,131540.34468216618
20251020,39.23,40.694,42.870666666666665,0,False,False,-0.004819888381532356,-0.0,1.3569699066067116,1.3154034468216618,135696.99066067114,131540.34468216618
20251021,40.03,40.372,42.72133333333333,0,False,False,0.020392556716798405,0.0,1.3846419923901776,1.3154034468216618,138464.19923901776,131540.34468216618
20251022,39.5,39.82000000000001,42.45733333333333,0,False,False,-0.013240069947539346,-0.0,1.3663092355586315,1.3154034468216618,136630.92355586315,131540.34468216618
20251023,39.51,39.538,42.02933333333333,0,False,False,0.00025316455696189344,0.0,1.3666551366309245,1.3154034468216618,136665.51366309245,131540.34468216618
20251024,40.48,39.74999999999999,41.72133333333333,0,False,False,0.024550746646418542,0.0,1.400207540643377,1.3154034468216618,140020.7540643377,131540.34468216618
20251027,38.89,39.682,41.38066666666666,0,False,False,-0.03927865612648207,-0.0,1.3452092701487386,1.3154034468216618,134520.92701487386,131540.34468216618
20251028,45.0,40.676,41.46133333333333,0,False,False,0.15710979686294668,0.0,1.5565548253199597,1.3154034468216618,155655.48253199598,131540.34468216618
20251029,47.2,42.215999999999994,41.67733333333333,1,True,False,0.04888888888888898,0.0,1.6326530612244912,1.3154034468216618,163265.3061224491,131540.34468216618
20251030,48.81,44.076,41.97466666666666,1,False,False,0.034110169491525344,0.034110169491525344,1.6883431338637163,1.3602720813424853,168834.31338637162,136027.20813424853
20251031,45.88,45.156000000000006,42.17133333333333,1,False,False,-0.060028682646998566,-0.060028682646998566,1.5869941196817723,1.278616740258005,158699.41196817724,127861.67402580052
20251103,46.88,46.754000000000005,42.37666666666667,1,False,False,0.021795989537924942,0.021795989537924942,1.6215842269111047,1.3064854573516842,162158.42269111046,130648.54573516842
20251104,45.9,46.934000000000005,42.66066666666667,1,False,False,-0.020904436860068376,-0.020904436860068376,1.5876859218263588,1.2791741145998783,158768.59218263588,127917.41145998782
20251105,45.51,46.596000000000004,42.87733333333334,1,False,False,-0.00849673202614376,-0.00849673202614376,1.5741957800069193,1.2683053149333434,157419.57800069192,126830.53149333435
20251106,44.75,45.784000000000006,43.132666666666665,1,False,False,-0.01669962645572398,-0.01669962645572398,1.5479072985126268,1.2471250899421473,154790.72985126267,124712.50899421473
20251107,45.99,45.806000000000004,43.57066666666667,1,False,False,0.027709497206704015,0.027709497206704015,1.590799031476999,1.2816822991383097,159079.90314769992,128168.22991383096
20251110,45.45,45.519999999999996,43.98533333333333,1,False,False,-0.011741682974559686,-0.011741682974559686,1.5721203735731595,1.266633191907723,157212.03735731594,126663.3191907723
20251111,44.6,45.26,44.29,1,False,False,-0.018701870187018743,-0.018701870187018743,1.542718782428227,1.2429447823780955,154271.87824282268,124294.47823780954
20251112,43.48,44.854,44.55533333333334,1,False,False,-0.025112107623318503,-0.025112107623318503,1.5039778623313744,1.2117318192331745,150397.78623313745,121173.18192331745
20251113,44.35,44.774,44.87800000000001,0,False,True,0.020009199632014862,0.020009199632014862,1.534071255620894,1.2359776031046756,153407.1255620894,123597.76031046757
20251114,42.02,43.98,44.98066666666667,0,False,False,-0.05253664036076655,-0.0,1.4534763057765494,1.2359776031046756,145347.63057765493,123597.76031046757
20251117,43.24,43.538,45.27066666666667,0,False,False,0.029033793431699095,0.0,1.4956762365963348,1.2359776031046756,149567.62365963348,123597.76031046757
20251118,43.49,43.316,45.17,0,False,False,0.005781683626272072,0.0,1.504323763403668,1.2359776031046756,150432.37634036678,123597.76031046757
20251119,44.13,43.446000000000005,44.965333333333334,0,False,False,0.014716026672798366,0.0,1.5264614320304406,1.2359776031046756,152646.14320304405,123597.76031046757
20251120,41.75,42.926,44.494666666666674,0,False,False,-0.05393156582823477,-0.0,1.4441369768246293,1.2359776031046756,144413.69768246292,123597.76031046757
20251121,40.3,42.58200000000001,44.12266666666666,0,False,False,-0.03473053892215572,-0.0,1.3939813213420973,1.2359776031046756,139398.13213420974,123597.76031046757
20251124,40.8,42.094,43.717333333333336,0,False,False,0.012406947890818865,0.0,1.4112763749567636,1.2359776031046756,141127.63749567638,123597.76031046757
20251125,40.07,41.410000000000004,43.32866666666666,0,False,False,-0.017892156862745034,-0.0,1.386025596679351,1.2359776031046756,138602.5596679351,123597.76031046757
20251126,39.52,40.488,42.92933333333333,0,False,False,-0.013725979535812227,-0.0,1.3670010377032185,1.2359776031046756,136700.10377032185,123597.76031046757
20251127,39.51,40.04,42.580000000000005,0,False,False,-0.00025303643724705616,-0.0,1.366655136630925,1.2359776031046756,136665.5136630925,123597.76031046757
20251128,40.26,40.032,42.198,0,False,False,0.018982536066818545,0.0,1.3925977170529242,1.2359776031046756,139259.77170529243,123597.76031046757
20251201,40.72,40.016000000000005,41.882666666666665,0,False,False,0.01142573273720826,0.0,1.4085091663784173,1.2359776031046756,140850.91663784173,123597.76031046757
20251202,39.99,40.0,41.57533333333333,0,False,False,-0.017927308447937107,-0.0,1.3832583881010045,1.2359776031046756,138325.83881010045,123597.76031046757
20251203,39.54,40.004000000000005,41.31266666666667,0,False,False,-0.011252813203300849,-0.0,1.367692839847805,1.2359776031046756,136769.2839847805,123597.76031046757
20251204,39.14,39.92999999999999,40.965333333333334,0,False,False,-0.010116337885685334,-0.0,1.353856796956072,1.2359776031046756,135385.6796956072,123597.76031046757
20251205,39.8,39.838,40.81733333333333,0,False,False,0.01686254471129267,0.0,1.3766862677274312,1.2359776031046756,137668.62677274313,123597.76031046757
20251208,40.22,39.738,40.616,0,False,False,0.010552763819095423,0.0,1.3912141127637507,1.2359776031046756,139121.41127637506,123597.76031046757
20251209,39.91,39.721999999999994,40.37733333333333,0,False,False,-0.007707608155146706,-0.0,1.3804911795226578,1.2359776031046756,138049.11795226578,123597.76031046757
20251210,39.83,39.779999999999994,40.09066666666667,0,False,False,-0.002004510147832539,-0.0,1.3777239709443112,1.2359776031046756,137772.39709443113,123597.76031046757
20251211,39.34,39.82,39.92999999999999,0,False,False,-0.012302284710017486,-0.0,1.3607748184019384,1.2359776031046756,136077.48184019382,123597.76031046757
20251212,39.79,39.818,39.896,0,False,False,0.011438739196746095,0.0,1.3763403666551377,1.2359776031046756,137634.03666551376,123597.76031046757
20251215,40.23,39.82,39.858,0,False,False,0.011058054787635108,0.0,1.391560013836044,1.2359776031046756,139156.0013836044,123597.76031046757
20251216,41.47,40.132,39.95133333333333,1,True,False,0.03082276907780268,0.0,1.4344517468004163,1.2359776031046756,143445.17468004164,123597.76031046757
20251217,41.6,40.486000000000004,40.09,1,False,False,0.0031347962382446415,0.0031347962382446415,1.4389484607402296,1.2398521410454428,143894.84607402296,123985.21410454428
20251218,40.71,40.760000000000005,40.169999999999995,1,False,False,-0.02139423076923075,-0.02139423076923075,1.4081632653061238,1.2133264582201917,140816.32653061236,121332.64582201917
20251219,40.37,40.876,40.17733333333333,1,False,False,-0.008351756325227333,-0.008351756325227333,1.3964026288481506,1.2031930512981854,139640.26288481505,120319.30512981855
20251222,40.65,40.959999999999994,40.17266666666667,1,False,False,0.00693584344810505,0.00693584344810505,1.4060878588723638,1.2115382099398375,140608.7858872364,121153.82099398375
20251223,40.98,40.862,40.23866666666667,1,False,False,0.008118081180811698,0.008118081180811698,1.4175025942580433,1.2213735754817845,141750.25942580434,122137.35754817845
20251224,41.73,40.888,40.38466666666667,1,False,False,0.018301610541727742,0.018301610541727742,1.4434451746800427,1.2437266789862096,144344.51746800428,124372.66789862096
20251225,41.77,41.1,40.559999999999995,1,False,False,0.0009585430146179519,0.0009585430146179519,1.4448287789692162,1.2449188445064459,144482.87789692162,124491.88445064459
20251226,41.52,41.33,40.67466666666667,1,False,False,-0.00598515681110845,-0.00598515681110845,1.436181252161883,1.2374678100049707,143618.12521618832,123746.78100049708
20251229,40.45,41.290000000000006,40.690000000000005,1,False,False,-0.025770712909441218,-0.025770712909441218,1.3991698374264974,1.2055773823386577,139916.98374264973,120557.73823386578
20251230,40.12,41.11800000000001,40.70399999999999,1,False,False,-0.008158220024721996,-0.008158220024721996,1.3877551020408174,1.1957420167967105,138775.51020408174,119574.20167967105
20251231,40.4,40.852,40.742,1,False,False,0.006979062811565351,0.006979062811565351,1.3974403320650306,1.2040871754383626,139744.03320650305,120408.71754383626
20260105,42.18,40.934000000000005,40.931333333333335,1,False,False,0.0440594059405941,0.0440594059405941,1.4590107229332423,1.2571385410888647,145901.07229332422,125713.85410888647
20260106,42.57,41.144,41.11666666666667,1,False,False,0.009246088193456625,0.009246088193456625,1.472500864752682,1.2687621549111658,147250.0864752682,126876.21549111659
20260107,44.79,42.012,41.42066666666666,1,False,False,0.05214940098661036,0.05214940098661036,1.5492909028018003,1.3349273412842642,154929.09028018004,133492.7341284264
20260108,45.5,43.088,41.68933333333334,1,False,False,0.015851752623353477,0.015851752623353477,1.5738498789346265,1.3560882792684532,157384.98789346265,135608.82792684532
20260109,44.66,43.94,41.89333333333333,1,False,False,-0.01846153846153853,-0.01846153846153853,1.5447941888619872,1.331052803343497,154479.41888619872,133105.2803343497
20260112,45.28,44.56,42.198,1,False,False,0.013882669055082841,0.013882669055082841,1.5662400553441733,1.349531368907155,156624.00553441735,134953.1368907155
20260113,43.58,44.762,42.412,1,False,False,-0.037544169611307465,-0.037544169611307465,1.5074368730543082,1.298864334297125,150743.68730543082,129886.43342971249
20260114,43.36,44.476,42.592666666666666,1,False,False,-0.005048187241854074,-0.005048187241854074,1.499827049463855,1.2923074239358268,149982.7049463855,129230.74239358268
20260115,45.06,44.388,42.86466666666667,1,False,False,0.03920664206642077,0.03920664206642077,1.5586302317537204,1.342974458545857,155863.02317537204,134297.4458545857
20260116,46.67,44.790000000000006,43.193999999999996,1,False,False,0.035730137594318645,0.035730137594318645,1.6143203043929455,1.390959120735356,161432.03043929455,139095.9120735356
20260119,48.59,45.452000000000005,43.64866666666667,1,False,False,0.04113991857724453,0.04113991857724453,1.6807333102732638,1.448183065706684,168073.33102732638,144818.3065706684
20260120,47.4,46.216,44.04066666666667,1,False,False,-0.024490635933319682,-0.024490635933319682,1.639571082670358,1.412716141479663,163957.1082670358,141271.6141479663
20260121,49.37,47.418000000000006,44.63533333333333,1,False,False,0.04156118143459908,0.04156118143459908,1.7077135939121428,1.471430293351286,170771.3593912143,147143.02933512858
20260122,48.05,48.016000000000005,45.164,1,False,False,-0.026736884747822542,-0.026736884747822542,1.662054652369424,1.4320888311834978,166205.4652369424,143208.8831183498
20260123,48.44,48.37,45.7,1,False,False,0.008116545265348662,0.008116545265348662,1.6755447941888637,1.443712445005799,167554.47941888636,144371.2445005799
20260126,47.39,48.129999999999995,46.047333333333334,1,False,False,-0.021676300578034602,-0.021676300578034602,1.6392251815980647,1.4124181000996041,163922.51815980647,141241.8100099604
20260127,48.04,48.257999999999996,46.412,1,False,False,0.013715973834142137,0.013715973834142137,1.6617087512971307,1.431790789803439,166170.87512971307,143179.0789803439
20260128,48.45,48.074,46.656,1,False,False,0.008534554537885208,0.008534554537885208,1.6758906952611572,1.4440104863858583,167589.06952611572,144401.04863858584
20260129,45.95,47.654,46.686,1,False,False,-0.05159958720330238,-0.05159958720330238,1.589415427187826,1.369500141371108,158941.5427187826,136950.01413711082
20260130,45.21,47.008,46.72266666666667,1,False,False,-0.01610446137105559,-0.01610446137105559,1.5638187478381198,1.3474450792467418,156381.87478381197,134744.5079246742
20260202,42.3,45.99,46.523999999999994,0,False,True,-0.06436629064366295,-0.06436629064366295,1.4631615358007624,1.2607150376495726,146316.15358007624,126071.50376495726
20260203,43.33,45.048,46.507333333333335,0,False,False,0.024349881796690287,0.0,1.4987893462469748,1.2607150376495726,149878.9346246975,126071.50376495726
20260204,42.38,43.834,46.442,0,False,False,-0.02192476344334171,-0.0,1.4659287443791091,1.2607150376495726,146592.8744379109,126071.50376495726
20260205,42.3,43.104,46.257999999999996,0,False,False,-0.0018876828692780956,-0.0,1.4631615358007624,1.2607150376495726,146316.15358007624,126071.50376495726
20260206,42.02,42.466,45.948,0,False,False,-0.006619385342789497,-0.0,1.4534763057765494,1.2607150376495726,145347.63057765493,126071.50376495726
20260209,44.44,42.894,45.67133333333333,0,False,False,0.05759162303664911,0.0,1.5371843652715338,1.2607150376495726,153718.4365271534,126071.50376495726
20260210,44.69,43.166,45.49066666666667,0,False,False,0.00562556255625557,0.0,1.5458318920788667,1.2607150376495726,154583.18920788667,126071.50376495726
20260211,44.34,43.558,45.15533333333333,0,False,False,-0.00783172969344359,-0.0,1.5337253545486005,1.2607150376495726,153372.53545486004,126071.50376495726
20260212,44.5,43.998000000000005,44.91866666666667,0,False,False,0.0036084799278304214,0.0,1.5392597717052936,1.2607150376495726,153925.97717052937,126071.50376495726
20260213,43.84,44.362,44.611999999999995,0,False,False,-0.014831460674157193,-0.0,1.5164303009339344,1.2607150376495726,151643.03009339343,126071.50376495726
20260224,44.66,44.406,44.42999999999999,0,False,False,0.018704379562043627,0.0,1.5447941888619867,1.2607150376495726,154479.41888619866,126071.50376495726
20260225,50.97,45.662,44.62533333333333,1,True,False,0.14128974473802058,0.0,1.7630577654790744,1.2607150376495726,176305.77654790744,126071.50376495726
20260226,49.28,46.65,44.68066666666666,1,False,False,-0.03315675887777114,-0.03315675887777114,1.7046004842615028,1.2189138131326456,170460.0484261503,121891.38131326456
20260227,48.59,47.468,44.85666666666667,1,False,False,-0.014001623376623362,-0.014001623376623362,1.6807333102732633,1.2018470409925983,168073.33102732632,120184.70409925983
20260302,48.59,48.418,45.082,1,False,False,0.0,0.0,1.6807333102732633,1.2018470409925983,168073.33102732632,120184.70409925983
20260303,46.73,48.832,45.37733333333334,1,False,False,-0.038279481374768554,-0.038279481374768554,1.6163957108267049,1.1558409595716015,161639.57108267047,115584.09595716016
20260304,45.23,47.684000000000005,45.504,1,False,False,-0.03209929381553611,-0.03209929381553611,1.5645105499827061,1.1187392810062815,156451.0549982706,111873.92810062815
20260305,45.45,46.918,45.708666666666666,1,False,False,0.004864028299801149,0.004864028299801149,1.5721203735731595,1.1241808605291952,157212.03735731594,112418.08605291952
20260306,45.53,46.306,45.924,1,False,False,0.001760176017601811,0.001760176017601811,1.5748875821515063,1.1261596167193457,157488.75821515062,112615.96167193458
20260309,44.14,45.416,46.065333333333335,0,False,True,-0.030529321326597914,-0.030529321326597914,1.526807333102734,1.0917787279154825,152680.7333102734,109177.87279154825
20260310,44.58,44.986000000000004,46.074666666666666,0,False,False,0.009968282736746659,0.0,1.5420269802836404,1.0917787279154825,154202.69802836404,109177.87279154825
20260311,45.4,45.019999999999996,46.12199999999999,0,False,False,0.018393898609241788,0.0,1.570390868211693,1.0917787279154825,157039.0868211693,109177.87279154825
20260312,46.05,45.14,46.236000000000004,0,False,False,0.014317180616740144,0.0,1.5928744379107591,1.0917787279154825,159287.4437910759,109177.87279154825
20260313,45.85,45.20399999999999,46.32600000000001,0,False,False,-0.004343105320303908,-0.0,1.5859564164648927,1.0917787279154825,158595.64164648927,109177.87279154825
20260316,44.56,45.288,46.374,0,False,False,-0.02813522355507081,-0.0,1.541335178139054,1.0917787279154825,154133.5178139054,109177.87279154825
20260317,42.2,44.812,46.21000000000001,0,False,False,-0.052962298025134635,-0.0,1.4597025250778295,1.0917787279154825,145970.25250778295,109177.87279154825
20260318,42.12,44.156,45.620000000000005,0,False,False,-0.0018957345971565287,-0.0,1.4569353164994827,1.0917787279154825,145693.53164994827,109177.87279154825
20260319,42.24,43.394000000000005,45.150666666666666,0,False,False,0.002849002849002913,0.0,1.4610861293670028,1.0917787279154825,146108.6129367003,109177.87279154825
20260320,41.66,42.556,44.68866666666667,0,False,False,-0.013731060606060774,-0.0,1.4410238671739897,1.0917787279154825,144102.38671739897,109177.87279154825
20260323,42.08,42.059999999999995,44.254666666666665,0,False,False,0.010081613058089411,0.0,1.4555517122103094,1.0917787279154825,145555.17122103093,109177.87279154825
20260324,41.11,41.842,43.879999999999995,0,False,False,-0.023051330798479097,-0.0,1.421999308197857,1.0917787279154825,142199.9308197857,109177.87279154825
20260325,41.18,41.653999999999996,43.61000000000001,0,False,False,0.0017027487229384075,0.0,1.4244206157039103,1.0917787279154825,142442.06157039103,109177.87279154825
20260326,40.83,41.372,43.302,0,False,False,-0.008499271491015037,-0.0,1.412314078173644,1.0917787279154825,141231.4078173644,109177.87279154825
20260327,42.58,41.556,43.105333333333334,0,False,False,0.04286064168503545,0.0,1.4728467658249758,1.0917787279154825,147284.67658249757,109177.87279154825
20260330,43.84,41.908,43.08533333333334,0,False,False,0.029591357444809896,0.0,1.5164303009339348,1.0917787279154825,151643.0300933935,109177.87279154825
20260331,42.56,42.198,42.95066666666666,0,False,False,-0.02919708029197088,-0.0,1.4721549636803892,1.0917787279154825,147215.49636803893,109177.87279154825
20260401,42.95,42.55200000000001,42.787333333333336,0,False,False,0.009163533834586568,0.0,1.485645105499829,1.0917787279154825,148564.5105499829,109177.87279154825
20260402,42.68,42.922000000000004,42.562666666666665,1,True,False,-0.006286379511059481,-0.0,1.476305776547909,1.0917787279154825,147630.57765479092,109177.87279154825
20260403,51.22,44.65,42.92066666666666,1,False,False,0.2000937207122775,0.2000937207122775,1.7717052922864083,1.3102367957786085,177170.52922864084,131023.67957786085
20260407,53.27,46.536,43.501333333333335,1,False,False,0.04002342834830164,0.04002342834830164,1.84261501210654,1.362676964293762,184261.501210654,136267.6964293762
20260408,54.47,48.918,44.31933333333333,1,False,False,0.02252675051623787,0.02252675051623787,1.8841231407817387,1.393373648302632,188412.31407817386,139337.3648302632
20260409,57.51,51.83,45.34533333333333,1,False,False,0.0558105379107765,0.0558105379107765,1.9892770667589093,1.471138581125103,198927.70667589092,147113.8581125103
20260410,60.45,55.38399999999999,46.55933333333334,1,False,False,0.051121544079290704,0.051121544079290704,2.090971982013147,1.5463454569468351,209097.1982013147,154634.5456946835
20260413,60.83,57.306000000000004,47.837333333333326,1,False,False,0.006286186931348192,0.006286186931348192,2.104116222760293,1.5560660735496439,210411.62227602932,155606.6073549644
20260414,61.11,58.874,49.106,1,False,False,0.004602991944764101,0.004602991944764101,2.1138014527845064,1.5632286331517136,211380.14527845063,156322.86331517136
20260415,60.14,60.008,50.37466666666667,1,False,False,-0.015873015873015817,-0.015873015873015817,2.080249048772054,1.5384154802445436,208024.9048772054,153841.54802445436
20260416,63.51,61.208000000000006,51.86333333333333,1,False,False,0.05603591619554371,0.05603591619554371,2.1968177101349045,1.6246220011694539,219681.77101349045,162462.2001169454
20260417,64.31,61.98,53.42866666666667,1,False,False,0.012596441505274836,0.012596441505274836,2.2244897959183705,1.6450864571753674,222448.97959183704,164508.64571753674
20260420,67.57,63.327999999999996,55.09466666666666,1,False,False,0.050691960814803094,0.050691960814803094,2.3372535454859937,1.7284791153994643,233725.35454859937,172847.91153994642
20260421,69.3,64.966,56.792,1,False,False,0.025603078289181624,0.025603078289181624,2.397094430992739,1.7727335015122523,239709.4430992739,177273.35015122523
20260422,70.1,66.958,58.628,1,False,False,0.011544011544011523,0.011544011544011523,2.424766516776205,1.7931979575181658,242476.65167762048,179319.7957518166
20260423,70.81,68.418,60.48533333333333,1,False,False,0.010128388017118573,0.010128388017118573,2.4493254929090313,1.8113601622234143,244932.54929090315,181136.01622234142
20260424,73.08,70.172,62.51200000000001,1,False,False,0.03205761898036985,0.03205761898036985,2.5278450363196154,1.8694280561401935,252784.50363196153,186942.80561401934
20260427,71.4,70.93799999999999,63.85733333333334,1,False,False,-0.022988505747126298,-0.022988505747126298,2.4697336561743373,1.8264526985277756,246973.36561743374,182645.26985277756
20260428,74.02,71.882,65.24066666666667,1,False,False,0.03669467787114833,0.03669467787114833,2.560359737115188,1.8934737919471418,256035.9737115188,189347.3791947142
20260429,76.11,73.08399999999999,66.68333333333334,1,False,False,0.028235611996757726,0.028235611996757726,2.632653061224493,1.9469371832625908,263265.3061224493,194693.71832625908
20260430,80.35,74.99199999999999,68.20599999999999,1,False,False,0.055708842464853525,0.055708842464853525,2.7793151158768628,2.0553988000939323,277931.51158768625,205539.88000939324
20260506,77.25,75.826,69.326,1,False,False,-0.0385812072184194,-0.0385812072184194,2.672085783465932,1.9760990330710178,267208.5783465932,197609.90330710178
20260507,78.0,77.146,70.47066666666666,1,False,False,0.009708737864077666,0.009708737864077666,2.6980283638879317,1.9952844605765616,269802.8363887932,199528.44605765617
20260508,79.84,78.30999999999999,71.71933333333332,1,False,False,0.02358974358974364,0.02358974358974364,2.7616741611899034,2.042352709390163,276167.41611899034,204235.27093901628
20260511,95.81,82.25,74.09733333333334,1,False,False,0.20002505010020033,0.20002505010020033,3.3140781736423426,2.45087441240821,331407.81736423424,245087.441240821
20260512,98.0,85.78,76.39666666666668,1,False,False,0.022857739275649713,0.022857739275649713,3.3898305084745806,2.506895860724398,338983.0508474581,250689.5860724398
20260513,117.6,93.85,79.94933333333333,1,False,False,0.19999999999999996,0.19999999999999996,4.067796610169497,3.0082750328692778,406779.6610169497,300827.50328692776
20260514,141.12,106.474,84.85266666666666,1,False,False,0.20000000000000018,0.20000000000000018,4.881355932203396,3.609930039443134,488135.5932203396,360993.0039443134
20260515,145.55,119.61599999999999,89.93599999999999,1,False,False,0.03139172335600904,0.03139172335600904,5.034590107229339,3.7232519645758795,503459.01072293386,372325.19645758794
20260518,135.9,127.63400000000001,94.32266666666668,1,False,False,-0.0663002404671934,-0.0663002404671934,4.700795572466281,3.4763994640045484,470079.5572466281,347639.94640045485
20260519,126.13,133.26000000000002,98.01066666666667,1,False,False,-0.07189109639440772,-0.07189109639440772,4.362850224835703,3.22647729503233,436285.02248357027,322647.72950323304
20260520,141.58,138.05599999999998,102.57733333333333,1,False,False,0.1224926662966781,0.1224926662966781,4.89726738152889,3.621697101646534,489726.73815288895,362169.7101646534
20260521,127.87,135.406,106.34200000000001,1,False,False,-0.09683571125865242,-0.09683571125865242,4.423037011414741,3.270987486845192,442303.7011414741,327098.7486845192
20260522,130.72,132.44,110.12200000000001,1,False,False,0.022288261515601704,0.022288261515601704,4.5216188170183385,3.3438921113662583,452161.88170183386,334389.21113662585
20260525,134.33,132.126,114.00333333333333,1,False,False,0.027616279069767602,0.027616279069767602,4.646489104116229,3.4362379690929434,464648.91041162296,343623.7969092943
20260526,142.0,135.3,118.11333333333333,1,False,False,0.05709819102210956,0.05709819102210956,4.911795226565208,3.632440941049638,491179.5226565208,363244.0941049638
20260527,155.0,137.984,123.29666666666667,1,False,False,0.09154929577464799,0.09154929577464799,5.361466620546531,3.964988351145732,536146.662054653,396498.8351145732
20260528,174.66,147.34199999999998,129.74066666666667,1,False,False,0.12683870967741928,0.12683870967741928,6.041508128675206,4.467902357491055,604150.8128675206,446790.2357491055
20260529,174.66,156.13000000000002,136.06199999999998,1,False,False,0.0,0.0,6.041508128675206,4.467902357491055,604150.8128675206,446790.2357491055
20260601,169.99,163.262,141.00733333333335,1,False,False,-0.026737661742814556,-0.026737661742814556,5.879972327914223,4.348441095556535,587997.2327914223,434844.10955565353
20260602,192.0,173.262,147.274,1,False,False,0.12947820460027049,0.12947820460027049,6.64130058803183,4.911469441419229,664130.0588031829,491146.94414192287
20260603,182.66,178.794,151.61133333333333,1,False,False,-0.04864583333333339,-0.04864583333333339,6.318228986509864,4.672546917550188,631822.8986509865,467254.69175501884
20260604,219.19,187.7,156.816,1,False,False,0.19998905069528083,0.19998905069528083,7.581805603597378,5.607005139920211,758180.5603597378,560700.5139920211
20260605,231.11,198.98999999999998,162.52,1,False,False,0.05438204297641325,0.05438204297641325,7.994119681771022,5.911925534408322,799411.9681771023,591192.5534408322
20260608,252.18,215.42800000000003,170.272,1,False,False,0.09116870754186324,0.09116870754186324,8.722933241093058,6.450908144464068,872293.3241093057,645090.8144464068
20260609,250.82,227.192,178.58466666666666,1,False,False,-0.0053929732730589874,-0.0053929732730589874,8.675890695261165,6.4161185692540155,867589.0695261165,641611.8569254016
20260610,292.0,249.06,188.61266666666668,1,False,False,0.16418148473008531,0.16418148473008531,10.100311310965076,7.46952644215841,1010031.1310965075,746952.6442158411
20260611,349.8,275.18199999999996,203.408,1,False,False,0.19794520547945216,0.19794520547945216,12.099619508820492,8.948083388585658,1209961.9508820493,894808.3388585658
20260612,302.0,289.36,214.82666666666668,1,False,False,-0.13664951400800462,-0.13664951400800462,10.4462123832584,7.725332142232329,1044621.23832584,772533.2142232329
20260615,318.3,302.584,227.09133333333332,1,False,False,0.05397350993377481,0.05397350993377481,11.010031131096518,8.142295433352816,1101003.1131096517,814229.5433352815
20260616,323.0,317.02,239.158,1,False,False,0.014765944077913984,0.014765944077913984,11.172604635074382,8.262524112387558,1117260.4635074383,826252.4112387558
20260617,339.7,326.56,251.47133333333332,1,False,False,0.051702786377708865,0.051702786377708865,11.750259425804233,8.689719631511,1175025.9425804233,868971.9631511
20260618,364.0,329.4,264.094,1,False,False,0.07153370621136301,0.07153370621136301,12.590799031477012,9.311327482690622,1259079.9031477012,931132.7482690623
20260622,389.99,346.998,278.4493333333333,1,False,False,0.07140109890109891,0.07140109890109891,13.489795918367362,9.976166497182735,1348979.591836736,997616.6497182735
20260626,385.6,360.458,292.8233333333334,1,False,False,-0.011256698889715033,-0.011256698889715033,13.337945347630594,9.863867794850286,1333794.5347630593,986386.7794850286
20260629,370.0,369.858,304.69,1,False,False,-0.04045643153526979,-0.04045643153526979,12.798339674853006,9.464810902734973,1279833.9674853005,946481.0902734973
